Code,CompanyName,MarketCodeName,Sector33CodeName,Sector17CodeName,ScaleCategory,Listing,Level0,Level1,Level2,Level3,Level4,Level5,Level6,Level7,Cluster
4919,ミルボン,プライム,化学,素材・化学,TOPIX Small 1,1,0,1,1.0,-1.0,-1.0,-1.0,-1.0,-1.0,0
4928,ノエビアホールディングス,プライム,化学,素材・化学,TOPIX Small 1,1,0,1,1.0,-1.0,-1.0,-1.0,-1.0,-1.0,0
7956,ピジョン,プライム,その他製品,情報通信・サービスその他,TOPIX Mid400,1,0,1,1.0,-1.0,-1.0,-1.0,-1.0,-1.0,0
2733,あらた,プライム,卸売業,商社・卸売,TOPIX Small 1,1,0,1,2.0,1.0,-1.0,-1.0,-1.0,-1.0,1
4527,ロート製薬,プライム,医薬品,医薬品,TOPIX Mid400,1,0,1,2.0,1.0,-1.0,-1.0,-1.0,-1.0,1
8283,ＰＡＬＴＡＣ,プライム,卸売業,商社・卸売,TOPIX Mid400,1,0,1,2.0,1.0,-1.0,-1.0,-1.0,-1.0,1
4912,ライオン,プライム,化学,素材・化学,TOPIX Mid400,1,0,1,2.0,2.0,1.0,-1.0,-1.0,-1.0,2
8079,正栄食品工業,プライム,卸売業,商社・卸売,TOPIX Small 1,1,0,1,2.0,2.0,1.0,-1.0,-1.0,-1.0,2
4967,小林製薬,プライム,化学,素材・化学,TOPIX Mid400,1,0,1,2.0,2.0,2.0,-1.0,-1.0,-1.0,3
7730,マニー,プライム,精密機器,電機・精密,TOPIX Mid400,1,0,1,2.0,2.0,2.0,-1.0,-1.0,-1.0,3
4452,花王,プライム,化学,素材・化学,TOPIX Large70,1,0,2,1.0,-1.0,-1.0,-1.0,-1.0,-1.0,4
4917,マンダム,プライム,化学,素材・化学,TOPIX Small 1,1,0,2,1.0,-1.0,-1.0,-1.0,-1.0,-1.0,4
8113,ユニ・チャーム,プライム,化学,素材・化学,TOPIX Large70,1,0,2,1.0,-1.0,-1.0,-1.0,-1.0,-1.0,4
4911,資生堂,プライム,化学,素材・化学,TOPIX Large70,1,0,2,2.0,-1.0,-1.0,-1.0,-1.0,-1.0,5
4922,コーセー,プライム,化学,素材・化学,TOPIX Mid400,1,0,2,2.0,-1.0,-1.0,-1.0,-1.0,-1.0,5
4927,ポーラ・オルビスホールディングス,プライム,化学,素材・化学,TOPIX Mid400,1,0,2,2.0,-1.0,-1.0,-1.0,-1.0,-1.0,5
2371,カカクコム,プライム,サービス業,情報通信・サービスその他,TOPIX Mid400,1,1,1,1.0,-1.0,-1.0,-1.0,-1.0,-1.0,6
4689,ＬＩＮＥヤフー,プライム,情報･通信業,情報通信・サービスその他,TOPIX Large70,1,1,1,1.0,-1.0,-1.0,-1.0,-1.0,-1.0,6
3774,インターネットイニシアティブ,プライム,情報･通信業,情報通信・サービスその他,TOPIX Mid400,1,1,1,2.0,-1.0,-1.0,-1.0,-1.0,-1.0,7
9468,ＫＡＤＯＫＡＷＡ,プライム,情報･通信業,情報通信・サービスその他,TOPIX Mid400,1,1,1,2.0,-1.0,-1.0,-1.0,-1.0,-1.0,7
2175,エス・エム・エス,プライム,サービス業,情報通信・サービスその他,TOPIX Mid400,1,1,2,1.0,-1.0,-1.0,-1.0,-1.0,-1.0,8
2413,エムスリー,プライム,サービス業,情報通信・サービスその他,TOPIX Mid400,1,1,2,1.0,-1.0,-1.0,-1.0,-1.0,-1.0,8
2492,インフォマート,プライム,サービス業,情報通信・サービスその他,TOPIX Small 1,1,1,2,1.0,-1.0,-1.0,-1.0,-1.0,-1.0,8
3076,あい　ホールディングス,プライム,卸売業,商社・卸売,TOPIX Small 1,1,1,2,1.0,-1.0,-1.0,-1.0,-1.0,-1.0,8
4307,野村総合研究所,プライム,情報･通信業,情報通信・サービスその他,TOPIX Mid400,1,1,2,2.0,1.0,-1.0,-1.0,-1.0,-1.0,9
8715,アニコム　ホールディングス,プライム,保険業,金融（除く銀行）,TOPIX Small 1,1,1,2,2.0,1.0,-1.0,-1.0,-1.0,-1.0,9
3636,三菱総合研究所,プライム,情報･通信業,情報通信・サービスその他,TOPIX Small 1,1,1,2,2.0,2.0,-1.0,-1.0,-1.0,-1.0,10
9746,ＴＫＣ,プライム,情報･通信業,情報通信・サービスその他,TOPIX Small 1,1,1,2,2.0,2.0,-1.0,-1.0,-1.0,-1.0,10
4733,オービックビジネスコンサルタント,プライム,情報･通信業,情報通信・サービスその他,TOPIX Mid400,1,1,2,2.0,2.0,1.0,-1.0,-1.0,-1.0,11
9435,光通信,プライム,情報･通信業,情報通信・サービスその他,TOPIX Mid400,1,1,2,2.0,2.0,1.0,-1.0,-1.0,-1.0,11
4684,オービック,プライム,情報･通信業,情報通信・サービスその他,TOPIX Mid400,1,1,2,2.0,2.0,2.0,1.0,-1.0,-1.0,12
4768,大塚商会,プライム,情報･通信業,情報通信・サービスその他,TOPIX Mid400,1,1,2,2.0,2.0,2.0,1.0,-1.0,-1.0,12
4716,日本オラクル,スタンダード,情報･通信業,情報通信・サービスその他,TOPIX Mid400,1,1,2,2.0,2.0,2.0,2.0,-1.0,-1.0,13
7476,アズワン,プライム,卸売業,商社・卸売,TOPIX Mid400,1,1,2,2.0,2.0,2.0,2.0,-1.0,-1.0,13
4681,リゾートトラスト,プライム,サービス業,情報通信・サービスその他,TOPIX Mid400,1,2,1,-1.0,-1.0,-1.0,-1.0,-1.0,-1.0,14
8022,美津濃,プライム,その他製品,情報通信・サービスその他,TOPIX Small 1,1,2,1,-1.0,-1.0,-1.0,-1.0,-1.0,-1.0,14
4680,ラウンドワン,プライム,サービス業,情報通信・サービスその他,TOPIX Small 1,1,2,2,1.0,-1.0,-1.0,-1.0,-1.0,-1.0,15
9603,エイチ・アイ・エス,プライム,サービス業,情報通信・サービスその他,TOPIX Small 1,1,2,2,1.0,-1.0,-1.0,-1.0,-1.0,-1.0,15
9722,藤田観光,プライム,サービス業,情報通信・サービスその他,TOPIX Small 1,1,2,2,1.0,-1.0,-1.0,-1.0,-1.0,-1.0,15
7599,ＩＤＯＭ,プライム,卸売業,商社・卸売,TOPIX Small 1,1,2,2,2.0,-1.0,-1.0,-1.0,-1.0,-1.0,16
9616,共立メンテナンス,プライム,サービス業,情報通信・サービスその他,TOPIX Mid400,1,2,2,2.0,-1.0,-1.0,-1.0,-1.0,-1.0,16
6961,エンプラス,プライム,電気機器,電機・精密,TOPIX Small 1,1,3,-1,-1.0,-1.0,-1.0,-1.0,-1.0,-1.0,17
7241,フタバ産業,プライム,輸送用機器,自動車・輸送機,TOPIX Small 1,1,3,1,-1.0,-1.0,-1.0,-1.0,-1.0,-1.0,18
7280,ミツバ,プライム,電気機器,電機・精密,TOPIX Small 1,1,3,1,-1.0,-1.0,-1.0,-1.0,-1.0,-1.0,18
3569,セーレン,プライム,繊維製品,素材・化学,TOPIX Small 1,1,3,2,1.0,-1.0,-1.0,-1.0,-1.0,-1.0,19
7250,太平洋工業,プライム,輸送用機器,自動車・輸送機,TOPIX Small 1,1,3,2,1.0,-1.0,-1.0,-1.0,-1.0,-1.0,19
5988,パイオラックス,プライム,金属製品,建設・資材,TOPIX Small 1,1,3,2,2.0,-1.0,-1.0,-1.0,-1.0,-1.0,20
6463,ＴＰＲ,プライム,機械,機械,TOPIX Small 1,1,3,2,2.0,-1.0,-1.0,-1.0,-1.0,-1.0,20
7239,タチエス,プライム,輸送用機器,自動車・輸送機,TOPIX Small 1,1,3,2,2.0,-1.0,-1.0,-1.0,-1.0,-1.0,20
2170,リンクアンドモチベーション,プライム,サービス業,情報通信・サービスその他,TOPIX Small 1,1,4,1,1.0,-1.0,-1.0,-1.0,-1.0,-1.0,21
4290,プレステージ・インターナショナル,プライム,サービス業,情報通信・サービスその他,TOPIX Small 1,1,4,1,1.0,-1.0,-1.0,-1.0,-1.0,-1.0,21
9757,船井総研ホールディングス,プライム,サービス業,情報通信・サービスその他,TOPIX Small 1,1,4,1,1.0,-1.0,-1.0,-1.0,-1.0,-1.0,21
2317,システナ,プライム,情報･通信業,情報通信・サービスその他,TOPIX Small 1,1,4,1,2.0,1.0,-1.0,-1.0,-1.0,-1.0,22
6630,ヤーマン,プライム,電気機器,電機・精密,TOPIX Small 1,1,4,1,2.0,1.0,-1.0,-1.0,-1.0,-1.0,22
8005,スクロール,プライム,小売業,小売,TOPIX Small 1,1,4,1,2.0,1.0,-1.0,-1.0,-1.0,-1.0,22
7744,ノーリツ鋼機,プライム,精密機器,電機・精密,TOPIX Small 1,1,4,1,2.0,2.0,-1.0,-1.0,-1.0,-1.0,23
9790,福井コンピュータホールディングス,プライム,情報･通信業,情報通信・サービスその他,TOPIX Small 1,1,4,1,2.0,2.0,-1.0,-1.0,-1.0,-1.0,23
2326,デジタルアーツ,プライム,情報･通信業,情報通信・サービスその他,TOPIX Small 1,1,4,1,2.0,2.0,1.0,-1.0,-1.0,-1.0,24
4812,電通総研,プライム,情報･通信業,情報通信・サービスその他,TOPIX Small 1,1,4,1,2.0,2.0,1.0,-1.0,-1.0,-1.0,24
3762,テクマトリックス,プライム,情報･通信業,情報通信・サービスその他,TOPIX Small 1,1,4,1,2.0,2.0,2.0,1.0,-1.0,-1.0,25
3778,さくらインターネット,プライム,情報･通信業,情報通信・サービスその他,TOPIX Small 1,1,4,1,2.0,2.0,2.0,1.0,-1.0,-1.0,25
4776,サイボウズ,プライム,情報･通信業,情報通信・サービスその他,TOPIX Small 1,1,4,1,2.0,2.0,2.0,1.0,-1.0,-1.0,25
6750,エレコム,プライム,電気機器,電機・精密,TOPIX Small 1,1,4,1,2.0,2.0,2.0,2.0,-1.0,-1.0,26
9692,シーイーシー,プライム,情報･通信業,情報通信・サービスその他,TOPIX Small 1,1,4,1,2.0,2.0,2.0,2.0,-1.0,-1.0,26
3182,オイシックス・ラ・大地,プライム,小売業,小売,TOPIX Small 1,1,4,2,1.0,-1.0,-1.0,-1.0,-1.0,-1.0,27
6947,図研,プライム,電気機器,電機・精密,TOPIX Small 1,1,4,2,1.0,-1.0,-1.0,-1.0,-1.0,-1.0,27
9889,ＪＢＣＣホールディングス,プライム,情報･通信業,情報通信・サービスその他,TOPIX Small 1,1,4,2,1.0,-1.0,-1.0,-1.0,-1.0,-1.0,27
3661,エムアップホールディングス,プライム,情報･通信業,情報通信・サービスその他,TOPIX Small 1,1,4,2,2.0,-1.0,-1.0,-1.0,-1.0,-1.0,28
3673,ブロードリーフ,プライム,情報･通信業,情報通信・サービスその他,TOPIX Small 1,1,4,2,2.0,-1.0,-1.0,-1.0,-1.0,-1.0,28
3844,コムチュア,プライム,情報･通信業,情報通信・サービスその他,TOPIX Small 1,1,4,2,2.0,-1.0,-1.0,-1.0,-1.0,-1.0,28
4722,フューチャー,プライム,情報･通信業,情報通信・サービスその他,TOPIX Small 1,1,4,2,2.0,-1.0,-1.0,-1.0,-1.0,-1.0,28
6856,堀場製作所,プライム,電気機器,電機・精密,TOPIX Mid400,1,5,1,1.0,-1.0,-1.0,-1.0,-1.0,-1.0,29
7729,東京精密,プライム,精密機器,電機・精密,TOPIX Mid400,1,5,1,1.0,-1.0,-1.0,-1.0,-1.0,-1.0,29
6768,タムラ製作所,プライム,電気機器,電機・精密,TOPIX Small 1,1,5,1,2.0,1.0,-1.0,-1.0,-1.0,-1.0,30
6804,ホシデン,プライム,電気機器,電機・精密,TOPIX Small 1,1,5,1,2.0,1.0,-1.0,-1.0,-1.0,-1.0,30
6941,山一電機,プライム,電気機器,電機・精密,TOPIX Small 1,1,5,1,2.0,2.0,-1.0,-1.0,-1.0,-1.0,31
4975,ＪＣＵ,プライム,化学,素材・化学,TOPIX Small 1,1,5,1,2.0,2.0,1.0,-1.0,-1.0,-1.0,32
6315,ＴＯＷＡ,プライム,機械,機械,TOPIX Small 1,1,5,1,2.0,2.0,1.0,-1.0,-1.0,-1.0,32
6727,ワコム,プライム,電気機器,電機・精密,TOPIX Small 1,1,5,1,2.0,2.0,1.0,-1.0,-1.0,-1.0,32
6590,芝浦メカトロニクス,プライム,電気機器,電機・精密,TOPIX Small 1,1,5,1,2.0,2.0,2.0,-1.0,-1.0,-1.0,33
6800,ヨコオ,プライム,電気機器,電機・精密,TOPIX Small 1,1,5,1,2.0,2.0,2.0,-1.0,-1.0,-1.0,33
7745,Ａ＆Ｄホロンホールディングス,プライム,精密機器,電機・精密,TOPIX Small 1,1,5,1,2.0,2.0,2.0,-1.0,-1.0,-1.0,33
3436,ＳＵＭＣＯ,プライム,金属製品,建設・資材,TOPIX Mid400,1,5,2,1.0,1.0,-1.0,-1.0,-1.0,-1.0,34
6146,ディスコ,プライム,機械,機械,TOPIX Large70,1,5,2,1.0,1.0,-1.0,-1.0,-1.0,-1.0,34
6723,ルネサスエレクトロニクス,プライム,電気機器,電機・精密,TOPIX Large70,1,5,2,1.0,1.0,-1.0,-1.0,-1.0,-1.0,34
4047,関東電化工業,プライム,化学,素材・化学,TOPIX Small 1,1,5,2,1.0,2.0,1.0,-1.0,-1.0,-1.0,35
4109,ステラ　ケミファ,プライム,化学,素材・化学,TOPIX Small 1,1,5,2,1.0,2.0,1.0,-1.0,-1.0,-1.0,35
6055,ジャパンマテリアル,プライム,サービス業,情報通信・サービスその他,TOPIX Small 1,1,5,2,1.0,2.0,2.0,-1.0,-1.0,-1.0,36
7613,シークス,プライム,卸売業,商社・卸売,TOPIX Small 1,1,5,2,1.0,2.0,2.0,-1.0,-1.0,-1.0,36
6728,アルバック,プライム,電気機器,電機・精密,TOPIX Mid400,1,5,2,2.0,1.0,-1.0,-1.0,-1.0,-1.0,37
7735,ＳＣＲＥＥＮホールディングス,プライム,電気機器,電機・精密,TOPIX Mid400,1,5,2,2.0,1.0,-1.0,-1.0,-1.0,-1.0,37
8035,東京エレクトロン,プライム,電気機器,電機・精密,TOPIX Core30,1,5,2,2.0,1.0,-1.0,-1.0,-1.0,-1.0,37
6754,アンリツ,プライム,電気機器,電機・精密,TOPIX Mid400,1,5,2,2.0,2.0,1.0,-1.0,-1.0,-1.0,38
6857,アドバンテスト,プライム,電気機器,電機・精密,TOPIX Large70,1,5,2,2.0,2.0,1.0,-1.0,-1.0,-1.0,38
6875,メガチップス,プライム,電気機器,電機・精密,TOPIX Small 1,1,5,2,2.0,2.0,2.0,-1.0,-1.0,-1.0,39
6920,レーザーテック,プライム,電気機器,電機・精密,TOPIX Large70,1,5,2,2.0,2.0,2.0,-1.0,-1.0,-1.0,39
2760,東京エレクトロン　デバイス,プライム,卸売業,商社・卸売,TOPIX Small 1,1,6,-1,-1.0,-1.0,-1.0,-1.0,-1.0,-1.0,40
4187,大阪有機化学工業,プライム,化学,素材・化学,TOPIX Small 1,1,6,-1,-1.0,-1.0,-1.0,-1.0,-1.0,-1.0,40
7715,長野計器,プライム,精密機器,電機・精密,TOPIX Small 1,1,6,-1,-1.0,-1.0,-1.0,-1.0,-1.0,-1.0,40
7839,ＳＨＯＥＩ,プライム,その他製品,情報通信・サービスその他,TOPIX Small 1,1,6,-1,-1.0,-1.0,-1.0,-1.0,-1.0,-1.0,40
6005,三浦工業,プライム,機械,機械,TOPIX Mid400,1,7,1,-1.0,-1.0,-1.0,-1.0,-1.0,-1.0,41
6845,アズビル,プライム,電気機器,電機・精密,TOPIX Mid400,1,7,1,-1.0,-1.0,-1.0,-1.0,-1.0,-1.0,41
6861,キーエンス,プライム,電気機器,電機・精密,TOPIX Core30,1,7,1,-1.0,-1.0,-1.0,-1.0,-1.0,-1.0,41
7741,ＨＯＹＡ,プライム,精密機器,電機・精密,TOPIX Core30,1,7,1,-1.0,-1.0,-1.0,-1.0,-1.0,-1.0,41
6407,ＣＫＤ,プライム,機械,機械,TOPIX Small 1,1,7,2,1.0,1.0,-1.0,-1.0,-1.0,-1.0,42
6622,ダイヘン,プライム,電気機器,電機・精密,TOPIX Small 1,1,7,2,1.0,1.0,-1.0,-1.0,-1.0,-1.0,42
6859,エスペック,プライム,電気機器,電機・精密,TOPIX Small 1,1,7,2,1.0,1.0,-1.0,-1.0,-1.0,-1.0,42
3433,トーカロ,プライム,金属製品,建設・資材,TOPIX Small 1,1,7,2,1.0,2.0,1.0,-1.0,-1.0,-1.0,43
6516,山洋電気,プライム,電気機器,電機・精密,TOPIX Small 1,1,7,2,1.0,2.0,1.0,-1.0,-1.0,-1.0,43
4971,メック,プライム,化学,素材・化学,TOPIX Small 1,1,7,2,1.0,2.0,2.0,-1.0,-1.0,-1.0,44
6652,ＩＤＥＣ,プライム,電気機器,電機・精密,TOPIX Small 1,1,7,2,1.0,2.0,2.0,-1.0,-1.0,-1.0,44
6914,オプテックスグループ,プライム,電気機器,電機・精密,TOPIX Small 1,1,7,2,1.0,2.0,2.0,-1.0,-1.0,-1.0,44
6966,三井ハイテック,プライム,電気機器,電機・精密,TOPIX Small 1,1,7,2,1.0,2.0,2.0,-1.0,-1.0,-1.0,44
6268,ナブテスコ,プライム,機械,機械,TOPIX Mid400,1,7,2,2.0,1.0,-1.0,-1.0,-1.0,-1.0,45
9962,ミスミグループ本社,プライム,卸売業,商社・卸売,TOPIX Mid400,1,7,2,2.0,1.0,-1.0,-1.0,-1.0,-1.0,45
6273,ＳＭＣ,プライム,機械,機械,TOPIX Large70,1,7,2,2.0,2.0,-1.0,-1.0,-1.0,-1.0,46
6481,ＴＨＫ,プライム,機械,機械,TOPIX Mid400,1,7,2,2.0,2.0,-1.0,-1.0,-1.0,-1.0,46
3086,Ｊ．フロント　リテイリング,プライム,小売業,小売,TOPIX Mid400,1,8,1,-1.0,-1.0,-1.0,-1.0,-1.0,-1.0,47
3099,三越伊勢丹ホールディングス,プライム,小売業,小売,TOPIX Mid400,1,8,1,-1.0,-1.0,-1.0,-1.0,-1.0,-1.0,47
8237,松屋,プライム,小売業,小売,TOPIX Small 1,1,8,1,-1.0,-1.0,-1.0,-1.0,-1.0,-1.0,47
8242,エイチ・ツー・オー　リテイリング,プライム,小売業,小売,TOPIX Mid400,1,8,1,-1.0,-1.0,-1.0,-1.0,-1.0,-1.0,47
8233,高島屋,プライム,小売業,小売,TOPIX Mid400,1,8,2,-1.0,-1.0,-1.0,-1.0,-1.0,-1.0,48
8252,丸井グループ,プライム,小売業,小売,TOPIX Mid400,1,8,2,-1.0,-1.0,-1.0,-1.0,-1.0,-1.0,48
8801,三井不動産,プライム,不動産業,不動産,TOPIX Large70,1,9,1,-1.0,-1.0,-1.0,-1.0,-1.0,-1.0,49
8802,三菱地所,プライム,不動産業,不動産,TOPIX Large70,1,9,1,-1.0,-1.0,-1.0,-1.0,-1.0,-1.0,49
8830,住友不動産,プライム,不動産業,不動産,TOPIX Large70,1,9,2,-1.0,-1.0,-1.0,-1.0,-1.0,-1.0,50
8871,ゴールドクレスト,スタンダード,不動産業,不動産,TOPIX Small 1,1,9,2,-1.0,-1.0,-1.0,-1.0,-1.0,-1.0,50
4008,住友精化,プライム,化学,素材・化学,TOPIX Small 1,1,10,-1,-1.0,-1.0,-1.0,-1.0,-1.0,-1.0,51
4114,日本触媒,プライム,化学,素材・化学,TOPIX Mid400,1,10,-1,-1.0,-1.0,-1.0,-1.0,-1.0,-1.0,51
4471,三洋化成工業,プライム,化学,素材・化学,TOPIX Small 1,1,10,-1,-1.0,-1.0,-1.0,-1.0,-1.0,-1.0,51
4901,富士フイルムホールディングス,プライム,化学,素材・化学,TOPIX Large70,1,11,1,1.0,-1.0,-1.0,-1.0,-1.0,-1.0,52
5332,ＴＯＴＯ,プライム,ガラス･土石製品,建設・資材,TOPIX Mid400,1,11,1,1.0,-1.0,-1.0,-1.0,-1.0,-1.0,52
6367,ダイキン工業,プライム,機械,機械,TOPIX Core30,1,11,1,1.0,-1.0,-1.0,-1.0,-1.0,-1.0,52
6925,ウシオ電機,プライム,電気機器,電機・精密,TOPIX Mid400,1,11,1,1.0,-1.0,-1.0,-1.0,-1.0,-1.0,52
6971,京セラ,プライム,電気機器,電機・精密,TOPIX Large70,1,11,1,1.0,-1.0,-1.0,-1.0,-1.0,-1.0,52
6770,アルプスアルパイン,プライム,電気機器,電機・精密,TOPIX Mid400,1,11,1,2.0,-1.0,-1.0,-1.0,-1.0,-1.0,53
6807,日本航空電子工業,プライム,電気機器,電機・精密,TOPIX Small 1,1,11,1,2.0,-1.0,-1.0,-1.0,-1.0,-1.0,53
6707,サンケン電気,プライム,電気機器,電機・精密,TOPIX Mid400,1,11,1,2.0,1.0,-1.0,-1.0,-1.0,-1.0,54
6762,ＴＤＫ,プライム,電気機器,電機・精密,TOPIX Large70,1,11,1,2.0,1.0,-1.0,-1.0,-1.0,-1.0,54
6963,ローム,プライム,電気機器,電機・精密,TOPIX Mid400,1,11,1,2.0,1.0,-1.0,-1.0,-1.0,-1.0,54
6479,ミネベアミツミ,プライム,電気機器,電機・精密,TOPIX Mid400,1,11,1,2.0,2.0,-1.0,-1.0,-1.0,-1.0,55
6594,ニデック,プライム,電気機器,電機・精密,TOPIX Large70,1,11,1,2.0,2.0,-1.0,-1.0,-1.0,-1.0,55
7915,ＮＩＳＳＨＡ,プライム,その他製品,情報通信・サービスその他,TOPIX Small 1,1,11,2,-1.0,-1.0,-1.0,-1.0,-1.0,-1.0,56
4062,イビデン,プライム,電気機器,電機・精密,TOPIX Mid400,1,11,2,1.0,-1.0,-1.0,-1.0,-1.0,-1.0,57
5344,ＭＡＲＵＷＡ,プライム,ガラス･土石製品,建設・資材,TOPIX Mid400,1,11,2,1.0,-1.0,-1.0,-1.0,-1.0,-1.0,57
6758,ソニーグループ,プライム,電気機器,電機・精密,TOPIX Core30,1,11,2,1.0,-1.0,-1.0,-1.0,-1.0,-1.0,57
6806,ヒロセ電機,プライム,電気機器,電機・精密,TOPIX Mid400,1,11,2,1.0,-1.0,-1.0,-1.0,-1.0,-1.0,57
6981,村田製作所,プライム,電気機器,電機・精密,TOPIX Core30,1,11,2,1.0,-1.0,-1.0,-1.0,-1.0,-1.0,57
6951,日本電子,プライム,電気機器,電機・精密,TOPIX Mid400,1,11,2,2.0,-1.0,-1.0,-1.0,-1.0,-1.0,58
6976,太陽誘電,プライム,電気機器,電機・精密,TOPIX Mid400,1,11,2,2.0,-1.0,-1.0,-1.0,-1.0,-1.0,58
9064,ヤマトホールディングス,プライム,陸運業,運輸・物流,TOPIX Mid400,1,12,1,-1.0,-1.0,-1.0,-1.0,-1.0,-1.0,59
9147,ＮＩＰＰＯＮ　ＥＸＰＲＥＳＳホールディングス,プライム,陸運業,運輸・物流,TOPIX Mid400,1,12,1,-1.0,-1.0,-1.0,-1.0,-1.0,-1.0,59
4095,日本パーカライジング,プライム,化学,素材・化学,TOPIX Small 1,1,12,2,-1.0,-1.0,-1.0,-1.0,-1.0,-1.0,60
9065,山九,プライム,陸運業,運輸・物流,TOPIX Mid400,1,12,2,-1.0,-1.0,-1.0,-1.0,-1.0,-1.0,60
9069,センコーグループホールディングス,プライム,陸運業,運輸・物流,TOPIX Small 1,1,12,2,-1.0,-1.0,-1.0,-1.0,-1.0,-1.0,60
9072,ニッコンホールディングス,プライム,陸運業,運輸・物流,TOPIX Mid400,1,12,2,-1.0,-1.0,-1.0,-1.0,-1.0,-1.0,60
9075,福山通運,プライム,陸運業,運輸・物流,TOPIX Small 1,1,12,2,-1.0,-1.0,-1.0,-1.0,-1.0,-1.0,60
9076,セイノーホールディングス,プライム,陸運業,運輸・物流,TOPIX Mid400,1,12,2,-1.0,-1.0,-1.0,-1.0,-1.0,-1.0,60
9001,東武鉄道,プライム,陸運業,運輸・物流,TOPIX Mid400,1,13,1,1.0,-1.0,-1.0,-1.0,-1.0,-1.0,61
9008,京王電鉄,プライム,陸運業,運輸・物流,TOPIX Mid400,1,13,1,1.0,-1.0,-1.0,-1.0,-1.0,-1.0,61
4661,オリエンタルランド,プライム,サービス業,情報通信・サービスその他,TOPIX Large70,1,13,1,2.0,1.0,-1.0,-1.0,-1.0,-1.0,62
9009,京成電鉄,プライム,陸運業,運輸・物流,TOPIX Mid400,1,13,1,2.0,1.0,-1.0,-1.0,-1.0,-1.0,62
9706,日本空港ビルデング,プライム,不動産業,不動産,TOPIX Mid400,1,13,1,2.0,1.0,-1.0,-1.0,-1.0,-1.0,62
9005,東急,プライム,陸運業,運輸・物流,TOPIX Mid400,1,13,1,2.0,2.0,-1.0,-1.0,-1.0,-1.0,63
9006,京浜急行電鉄,プライム,陸運業,運輸・物流,TOPIX Mid400,1,13,1,2.0,2.0,-1.0,-1.0,-1.0,-1.0,63
9007,小田急電鉄,プライム,陸運業,運輸・物流,TOPIX Mid400,1,13,1,2.0,2.0,-1.0,-1.0,-1.0,-1.0,63
2384,ＳＢＳホールディングス,プライム,陸運業,運輸・物流,TOPIX Small 1,1,13,2,1.0,1.0,-1.0,-1.0,-1.0,-1.0,64
9025,鴻池運輸,プライム,陸運業,運輸・物流,TOPIX Small 1,1,13,2,1.0,1.0,-1.0,-1.0,-1.0,-1.0,64
9003,相鉄ホールディングス,プライム,陸運業,運輸・物流,TOPIX Mid400,1,13,2,1.0,2.0,-1.0,-1.0,-1.0,-1.0,65
9031,西日本鉄道,プライム,陸運業,運輸・物流,TOPIX Mid400,1,13,2,1.0,2.0,-1.0,-1.0,-1.0,-1.0,65
9044,南海電気鉄道,プライム,陸運業,運輸・物流,TOPIX Mid400,1,13,2,1.0,2.0,-1.0,-1.0,-1.0,-1.0,65
6465,ホシザキ,プライム,機械,機械,TOPIX Mid400,1,13,2,2.0,1.0,-1.0,-1.0,-1.0,-1.0,66
9041,近鉄グループホールディングス,プライム,陸運業,運輸・物流,TOPIX Mid400,1,13,2,2.0,1.0,-1.0,-1.0,-1.0,-1.0,66
9010,富士急行,プライム,陸運業,運輸・物流,TOPIX Small 1,1,13,2,2.0,2.0,-1.0,-1.0,-1.0,-1.0,67
9042,阪急阪神ホールディングス,プライム,陸運業,運輸・物流,TOPIX Mid400,1,13,2,2.0,2.0,-1.0,-1.0,-1.0,-1.0,67
7984,コクヨ,プライム,その他製品,情報通信・サービスその他,TOPIX Mid400,1,14,-1,-1.0,-1.0,-1.0,-1.0,-1.0,-1.0,68
7994,オカムラ,プライム,その他製品,情報通信・サービスその他,TOPIX Small 1,1,14,-1,-1.0,-1.0,-1.0,-1.0,-1.0,-1.0,68
3148,クリエイトＳＤホールディングス,プライム,小売業,小売,TOPIX Small 1,1,15,1,-1.0,-1.0,-1.0,-1.0,-1.0,-1.0,69
3034,クオールホールディングス,プライム,小売業,小売,TOPIX Small 1,1,15,1,1.0,-1.0,-1.0,-1.0,-1.0,-1.0,70
3088,マツキヨココカラ＆カンパニー,プライム,小売業,小売,TOPIX Mid400,1,15,1,1.0,-1.0,-1.0,-1.0,-1.0,-1.0,70
9989,サンドラッグ,プライム,小売業,小売,TOPIX Mid400,1,15,1,1.0,-1.0,-1.0,-1.0,-1.0,-1.0,70
9627,アインホールディングス,プライム,小売業,小売,TOPIX Mid400,1,15,1,2.0,-1.0,-1.0,-1.0,-1.0,-1.0,71
2664,カワチ薬品,プライム,小売業,小売,TOPIX Small 1,1,15,1,2.0,1.0,-1.0,-1.0,-1.0,-1.0,72
3141,ウエルシアホールディングス,プライム,小売業,小売,TOPIX Mid400,1,15,1,2.0,1.0,-1.0,-1.0,-1.0,-1.0,72
3391,ツルハホールディングス,プライム,小売業,小売,TOPIX Mid400,1,15,1,2.0,1.0,-1.0,-1.0,-1.0,-1.0,72
3349,コスモス薬品,プライム,小売業,小売,TOPIX Mid400,1,15,1,2.0,2.0,-1.0,-1.0,-1.0,-1.0,73
7512,イオン北海道,スタンダード,小売業,小売,TOPIX Small 1,1,15,1,2.0,2.0,-1.0,-1.0,-1.0,-1.0,73
7649,スギホールディングス,プライム,小売業,小売,TOPIX Mid400,1,15,1,2.0,2.0,-1.0,-1.0,-1.0,-1.0,73
6755,富士通ゼネラル,プライム,電気機器,電機・精密,TOPIX Small 1,1,15,2,1.0,-1.0,-1.0,-1.0,-1.0,-1.0,74
7453,良品計画,プライム,小売業,小売,TOPIX Mid400,1,15,2,1.0,-1.0,-1.0,-1.0,-1.0,-1.0,74
7532,パン・パシフィック・インターナショナルホールディングス,プライム,小売業,小売,TOPIX Mid400,1,15,2,1.0,-1.0,-1.0,-1.0,-1.0,-1.0,74
9843,ニトリホールディングス,プライム,小売業,小売,TOPIX Large70,1,15,2,1.0,-1.0,-1.0,-1.0,-1.0,-1.0,74
2670,エービーシー・マート,プライム,小売業,小売,TOPIX Mid400,1,15,2,2.0,1.0,-1.0,-1.0,-1.0,-1.0,75
4732,ユー・エス・エス,プライム,サービス業,情報通信・サービスその他,TOPIX Mid400,1,15,2,2.0,1.0,-1.0,-1.0,-1.0,-1.0,75
7545,西松屋チェーン,プライム,小売業,小売,TOPIX Small 1,1,15,2,2.0,2.0,-1.0,-1.0,-1.0,-1.0,76
8227,しまむら,プライム,小売業,小売,TOPIX Mid400,1,15,2,2.0,2.0,-1.0,-1.0,-1.0,-1.0,76
8630,ＳＯＭＰＯホールディングス,プライム,保険業,金融（除く銀行）,TOPIX Large70,1,16,-1,-1.0,-1.0,-1.0,-1.0,-1.0,-1.0,77
8725,ＭＳ＆ＡＤインシュアランスグループホールディングス,プライム,保険業,金融（除く銀行）,TOPIX Large70,1,16,-1,-1.0,-1.0,-1.0,-1.0,-1.0,-1.0,77
8766,東京海上ホールディングス,プライム,保険業,金融（除く銀行）,TOPIX Core30,1,16,-1,-1.0,-1.0,-1.0,-1.0,-1.0,-1.0,77
8424,芙蓉総合リース,プライム,その他金融業,金融（除く銀行）,TOPIX Mid400,1,17,-1,-1.0,-1.0,-1.0,-1.0,-1.0,-1.0,78
8425,みずほリース,プライム,その他金融業,金融（除く銀行）,TOPIX Small 1,1,17,-1,-1.0,-1.0,-1.0,-1.0,-1.0,-1.0,78
8566,リコーリース,プライム,その他金融業,金融（除く銀行）,TOPIX Small 1,1,17,-1,-1.0,-1.0,-1.0,-1.0,-1.0,-1.0,78
6501,日立製作所,プライム,電気機器,電機・精密,TOPIX Core30,1,18,1,-1.0,-1.0,-1.0,-1.0,-1.0,-1.0,79
6752,パナソニック　ホールディングス,プライム,電気機器,電機・精密,TOPIX Large70,1,18,1,-1.0,-1.0,-1.0,-1.0,-1.0,-1.0,79
6503,三菱電機,プライム,電気機器,電機・精密,TOPIX Core30,1,18,2,-1.0,-1.0,-1.0,-1.0,-1.0,-1.0,80
6504,富士電機,プライム,電気機器,電機・精密,TOPIX Mid400,1,18,2,-1.0,-1.0,-1.0,-1.0,-1.0,-1.0,80
6508,明電舎,プライム,電気機器,電機・精密,TOPIX Small 1,1,18,2,-1.0,-1.0,-1.0,-1.0,-1.0,-1.0,80
5831,しずおかフィナンシャルグループ,プライム,銀行業,銀行,TOPIX Mid400,1,19,1,-1.0,-1.0,-1.0,-1.0,-1.0,-1.0,81
5844,京都フィナンシャルグループ,プライム,銀行業,銀行,TOPIX Mid400,1,19,1,-1.0,-1.0,-1.0,-1.0,-1.0,-1.0,81
7974,任天堂,プライム,その他製品,情報通信・サービスその他,TOPIX Core30,1,19,1,-1.0,-1.0,-1.0,-1.0,-1.0,-1.0,81
7186,コンコルディア・フィナンシャルグループ,プライム,銀行業,銀行,TOPIX Mid400,1,19,2,-1.0,-1.0,-1.0,-1.0,-1.0,-1.0,82
8331,千葉銀行,プライム,銀行業,銀行,TOPIX Mid400,1,19,2,-1.0,-1.0,-1.0,-1.0,-1.0,-1.0,82
8354,ふくおかフィナンシャルグループ,プライム,銀行業,銀行,TOPIX Mid400,1,19,2,-1.0,-1.0,-1.0,-1.0,-1.0,-1.0,82
8410,セブン銀行,プライム,銀行業,銀行,TOPIX Mid400,1,19,2,-1.0,-1.0,-1.0,-1.0,-1.0,-1.0,82
9501,東京電力ホールディングス,プライム,電気･ガス業,電気・ガス,TOPIX Mid400,1,20,-1,-1.0,-1.0,-1.0,-1.0,-1.0,-1.0,83
9503,関西電力,プライム,電気･ガス業,電気・ガス,TOPIX Mid400,1,20,-1,-1.0,-1.0,-1.0,-1.0,-1.0,-1.0,83
9506,東北電力,プライム,電気･ガス業,電気・ガス,TOPIX Mid400,1,20,1,-1.0,-1.0,-1.0,-1.0,-1.0,-1.0,84
9513,電源開発,プライム,電気･ガス業,電気・ガス,TOPIX Mid400,1,20,1,-1.0,-1.0,-1.0,-1.0,-1.0,-1.0,84
9507,四国電力,プライム,電気･ガス業,電気・ガス,TOPIX Mid400,1,20,2,-1.0,-1.0,-1.0,-1.0,-1.0,-1.0,85
9508,九州電力,プライム,電気･ガス業,電気・ガス,TOPIX Mid400,1,20,2,-1.0,-1.0,-1.0,-1.0,-1.0,-1.0,85
9509,北海道電力,プライム,電気･ガス業,電気・ガス,TOPIX Mid400,1,20,2,-1.0,-1.0,-1.0,-1.0,-1.0,-1.0,85
7202,いすゞ自動車,プライム,輸送用機器,自動車・輸送機,TOPIX Mid400,1,21,1,-1.0,-1.0,-1.0,-1.0,-1.0,-1.0,86
7272,ヤマハ発動機,プライム,輸送用機器,自動車・輸送機,TOPIX Mid400,1,21,1,-1.0,-1.0,-1.0,-1.0,-1.0,-1.0,86
7205,日野自動車,プライム,輸送用機器,自動車・輸送機,TOPIX Mid400,1,21,2,-1.0,-1.0,-1.0,-1.0,-1.0,-1.0,87
7269,スズキ,プライム,輸送用機器,自動車・輸送機,TOPIX Large70,1,21,2,-1.0,-1.0,-1.0,-1.0,-1.0,-1.0,87
7164,全国保証,プライム,その他金融業,金融（除く銀行）,TOPIX Mid400,1,22,1,1.0,-1.0,-1.0,-1.0,-1.0,-1.0,88
8439,東京センチュリー,プライム,その他金融業,金融（除く銀行）,TOPIX Mid400,1,22,1,1.0,-1.0,-1.0,-1.0,-1.0,-1.0,88
8591,オリックス,プライム,その他金融業,金融（除く銀行）,TOPIX Large70,1,22,1,2.0,-1.0,-1.0,-1.0,-1.0,-1.0,89
8593,三菱ＨＣキャピタル,プライム,その他金融業,金融（除く銀行）,TOPIX Mid400,1,22,1,2.0,-1.0,-1.0,-1.0,-1.0,-1.0,89
8304,あおぞら銀行,プライム,銀行業,銀行,TOPIX Mid400,1,22,2,1.0,-1.0,-1.0,-1.0,-1.0,-1.0,90
8306,三菱ＵＦＪフィナンシャル・グループ,プライム,銀行業,銀行,TOPIX Core30,1,22,2,1.0,-1.0,-1.0,-1.0,-1.0,-1.0,90
8411,みずほフィナンシャルグループ,プライム,銀行業,銀行,TOPIX Core30,1,22,2,1.0,-1.0,-1.0,-1.0,-1.0,-1.0,90
8308,りそなホールディングス,プライム,銀行業,銀行,TOPIX Large70,1,22,2,2.0,-1.0,-1.0,-1.0,-1.0,-1.0,91
8309,三井住友トラストグループ,プライム,銀行業,銀行,TOPIX Large70,1,22,2,2.0,-1.0,-1.0,-1.0,-1.0,-1.0,91
8316,三井住友フィナンシャルグループ,プライム,銀行業,銀行,TOPIX Core30,1,22,2,2.0,-1.0,-1.0,-1.0,-1.0,-1.0,91
8015,豊田通商,プライム,卸売業,商社・卸売,TOPIX Mid400,1,23,1,-1.0,-1.0,-1.0,-1.0,-1.0,-1.0,92
8078,阪和興業,プライム,卸売業,商社・卸売,TOPIX Small 1,1,23,1,-1.0,-1.0,-1.0,-1.0,-1.0,-1.0,92
8001,伊藤忠商事,プライム,卸売業,商社・卸売,TOPIX Core30,1,23,2,1.0,-1.0,-1.0,-1.0,-1.0,-1.0,93
8088,岩谷産業,プライム,卸売業,商社・卸売,TOPIX Mid400,1,23,2,1.0,-1.0,-1.0,-1.0,-1.0,-1.0,93
3101,東洋紡,プライム,繊維製品,素材・化学,TOPIX Small 1,1,23,2,2.0,1.0,-1.0,-1.0,-1.0,-1.0,94
8002,丸紅,プライム,卸売業,商社・卸売,TOPIX Large70,1,23,2,2.0,1.0,-1.0,-1.0,-1.0,-1.0,94
8053,住友商事,プライム,卸売業,商社・卸売,TOPIX Large70,1,23,2,2.0,1.0,-1.0,-1.0,-1.0,-1.0,94
2768,双日,プライム,卸売業,商社・卸売,TOPIX Mid400,1,23,2,2.0,2.0,-1.0,-1.0,-1.0,-1.0,95
8020,兼松,プライム,卸売業,商社・卸売,TOPIX Mid400,1,23,2,2.0,2.0,-1.0,-1.0,-1.0,-1.0,95
8031,三井物産,プライム,卸売業,商社・卸売,TOPIX Core30,1,23,2,2.0,2.0,-1.0,-1.0,-1.0,-1.0,95
8058,三菱商事,プライム,卸売業,商社・卸売,TOPIX Core30,1,23,2,2.0,2.0,-1.0,-1.0,-1.0,-1.0,95
6141,ＤＭＧ森精機,プライム,機械,機械,TOPIX Mid400,1,24,1,-1.0,-1.0,-1.0,-1.0,-1.0,-1.0,96
5631,日本製鋼所,プライム,機械,機械,TOPIX Mid400,1,24,1,1.0,-1.0,-1.0,-1.0,-1.0,-1.0,97
6103,オークマ,プライム,機械,機械,TOPIX Small 1,1,24,1,1.0,-1.0,-1.0,-1.0,-1.0,-1.0,97
6104,芝浦機械,プライム,機械,機械,TOPIX Small 1,1,24,1,1.0,-1.0,-1.0,-1.0,-1.0,-1.0,97
6302,住友重機械工業,プライム,機械,機械,TOPIX Mid400,1,24,1,1.0,-1.0,-1.0,-1.0,-1.0,-1.0,97
6113,アマダ,プライム,機械,機械,TOPIX Mid400,1,24,1,2.0,-1.0,-1.0,-1.0,-1.0,-1.0,98
6954,ファナック,プライム,電気機器,電機・精密,TOPIX Large70,1,24,1,2.0,-1.0,-1.0,-1.0,-1.0,-1.0,98
9984,ソフトバンクグループ,プライム,情報･通信業,情報通信・サービスその他,TOPIX Core30,1,24,1,2.0,-1.0,-1.0,-1.0,-1.0,-1.0,98
6101,ツガミ,プライム,機械,機械,TOPIX Small 1,1,24,2,1.0,-1.0,-1.0,-1.0,-1.0,-1.0,99
6277,ホソカワミクロン,プライム,機械,機械,TOPIX Small 1,1,24,2,1.0,-1.0,-1.0,-1.0,-1.0,-1.0,99
6284,日精エー・エス・ビー機械,プライム,機械,機械,TOPIX Small 1,1,24,2,1.0,-1.0,-1.0,-1.0,-1.0,-1.0,99
6118,アイダエンジニアリング,プライム,機械,機械,TOPIX Small 1,1,24,2,2.0,-1.0,-1.0,-1.0,-1.0,-1.0,100
6135,牧野フライス製作所,プライム,機械,機械,TOPIX Small 1,1,24,2,2.0,-1.0,-1.0,-1.0,-1.0,-1.0,100
6140,旭ダイヤモンド工業,プライム,機械,機械,TOPIX Small 1,1,24,2,2.0,-1.0,-1.0,-1.0,-1.0,-1.0,100
6143,ソディック,プライム,機械,機械,TOPIX Small 1,1,24,2,2.0,-1.0,-1.0,-1.0,-1.0,-1.0,100
6376,日機装,プライム,精密機器,電機・精密,TOPIX Small 1,1,24,2,2.0,-1.0,-1.0,-1.0,-1.0,-1.0,100
7105,三菱ロジスネクスト,スタンダード,輸送用機器,自動車・輸送機,TOPIX Small 1,1,24,2,2.0,-1.0,-1.0,-1.0,-1.0,-1.0,100
5949,ユニプレス,プライム,輸送用機器,自動車・輸送機,TOPIX Small 1,1,25,1,-1.0,-1.0,-1.0,-1.0,-1.0,-1.0,101
5975,東プレ,プライム,金属製品,建設・資材,TOPIX Small 1,1,25,1,-1.0,-1.0,-1.0,-1.0,-1.0,-1.0,101
5991,日本発條,プライム,金属製品,建設・資材,TOPIX Mid400,1,25,1,-1.0,-1.0,-1.0,-1.0,-1.0,-1.0,101
3116,トヨタ紡織,プライム,輸送用機器,自動車・輸送機,TOPIX Mid400,1,25,2,1.0,-1.0,-1.0,-1.0,-1.0,-1.0,102
7259,アイシン,プライム,輸送用機器,自動車・輸送機,TOPIX Mid400,1,25,2,1.0,-1.0,-1.0,-1.0,-1.0,-1.0,102
7282,豊田合成,プライム,輸送用機器,自動車・輸送機,TOPIX Mid400,1,25,2,1.0,-1.0,-1.0,-1.0,-1.0,-1.0,102
6995,東海理化電機製作所,プライム,輸送用機器,自動車・輸送機,TOPIX Small 1,1,25,2,2.0,-1.0,-1.0,-1.0,-1.0,-1.0,103
5191,住友理工,プライム,ゴム製品,自動車・輸送機,TOPIX Small 1,1,25,2,2.0,1.0,-1.0,-1.0,-1.0,-1.0,104
7283,愛三工業,プライム,輸送用機器,自動車・輸送機,TOPIX Small 1,1,25,2,2.0,1.0,-1.0,-1.0,-1.0,-1.0,104
7220,武蔵精密工業,プライム,輸送用機器,自動車・輸送機,TOPIX Small 1,1,25,2,2.0,2.0,-1.0,-1.0,-1.0,-1.0,105
7246,プレス工業,プライム,輸送用機器,自動車・輸送機,TOPIX Small 1,1,25,2,2.0,2.0,-1.0,-1.0,-1.0,-1.0,105
7278,エクセディ,プライム,輸送用機器,自動車・輸送機,TOPIX Small 1,1,25,2,2.0,2.0,-1.0,-1.0,-1.0,-1.0,105
7296,エフ・シー・シー,プライム,輸送用機器,自動車・輸送機,TOPIX Small 1,1,25,2,2.0,2.0,-1.0,-1.0,-1.0,-1.0,105
7313,テイ・エス　テック,プライム,輸送用機器,自動車・輸送機,TOPIX Mid400,1,25,2,2.0,2.0,-1.0,-1.0,-1.0,-1.0,105
4205,日本ゼオン,プライム,化学,素材・化学,TOPIX Mid400,1,26,1,-1.0,-1.0,-1.0,-1.0,-1.0,-1.0,106
4403,日油,プライム,化学,素材・化学,TOPIX Mid400,1,26,1,-1.0,-1.0,-1.0,-1.0,-1.0,-1.0,106
3401,帝人,プライム,繊維製品,素材・化学,TOPIX Mid400,1,26,1,1.0,-1.0,-1.0,-1.0,-1.0,-1.0,107
4042,東ソー,プライム,化学,素材・化学,TOPIX Mid400,1,26,1,1.0,-1.0,-1.0,-1.0,-1.0,-1.0,107
3407,旭化成,プライム,化学,素材・化学,TOPIX Large70,1,26,1,2.0,1.0,-1.0,-1.0,-1.0,-1.0,108
4182,三菱瓦斯化学,プライム,化学,素材・化学,TOPIX Mid400,1,26,1,2.0,1.0,-1.0,-1.0,-1.0,-1.0,108
4202,ダイセル,プライム,化学,素材・化学,TOPIX Mid400,1,26,1,2.0,1.0,-1.0,-1.0,-1.0,-1.0,108
4183,三井化学,プライム,化学,素材・化学,TOPIX Mid400,1,26,1,2.0,2.0,-1.0,-1.0,-1.0,-1.0,109
4188,三菱ケミカルグループ,プライム,化学,素材・化学,TOPIX Large70,1,26,1,2.0,2.0,-1.0,-1.0,-1.0,-1.0,109
4631,ＤＩＣ,プライム,化学,素材・化学,TOPIX Mid400,1,26,1,2.0,2.0,-1.0,-1.0,-1.0,-1.0,109
3402,東レ,プライム,繊維製品,素材・化学,TOPIX Mid400,1,26,2,1.0,-1.0,-1.0,-1.0,-1.0,-1.0,110
4005,住友化学,プライム,化学,素材・化学,TOPIX Mid400,1,26,2,1.0,-1.0,-1.0,-1.0,-1.0,-1.0,110
3405,クラレ,プライム,化学,素材・化学,TOPIX Mid400,1,26,2,2.0,-1.0,-1.0,-1.0,-1.0,-1.0,111
4088,エア・ウォーター,プライム,化学,素材・化学,TOPIX Mid400,1,26,2,2.0,-1.0,-1.0,-1.0,-1.0,-1.0,111
4091,日本酸素ホールディングス,プライム,化学,素材・化学,TOPIX Mid400,1,26,2,2.0,-1.0,-1.0,-1.0,-1.0,-1.0,111
4208,ＵＢＥ,プライム,化学,素材・化学,TOPIX Mid400,1,26,2,2.0,-1.0,-1.0,-1.0,-1.0,-1.0,111
4043,トクヤマ,プライム,化学,素材・化学,TOPIX Mid400,1,27,1,-1.0,-1.0,-1.0,-1.0,-1.0,-1.0,112
5706,三井金属鉱業,プライム,非鉄金属,鉄鋼・非鉄,TOPIX Mid400,1,27,1,-1.0,-1.0,-1.0,-1.0,-1.0,-1.0,112
5713,住友金属鉱山,プライム,非鉄金属,鉄鋼・非鉄,TOPIX Mid400,1,27,1,-1.0,-1.0,-1.0,-1.0,-1.0,-1.0,112
1515,日鉄鉱業,プライム,鉱業,エネルギー資源,TOPIX Small 1,1,27,2,1.0,-1.0,-1.0,-1.0,-1.0,-1.0,113
5714,ＤＯＷＡホールディングス,プライム,非鉄金属,鉄鋼・非鉄,TOPIX Mid400,1,27,2,1.0,-1.0,-1.0,-1.0,-1.0,-1.0,113
5408,中山製鋼所,プライム,鉄鋼,鉄鋼・非鉄,TOPIX Small 1,1,27,2,2.0,-1.0,-1.0,-1.0,-1.0,-1.0,114
5410,合同製鐵,プライム,鉄鋼,鉄鋼・非鉄,TOPIX Small 1,1,27,2,2.0,-1.0,-1.0,-1.0,-1.0,-1.0,114
5445,東京鐵鋼,プライム,鉄鋼,鉄鋼・非鉄,TOPIX Small 1,1,27,2,2.0,-1.0,-1.0,-1.0,-1.0,-1.0,114
5711,三菱マテリアル,プライム,非鉄金属,鉄鋼・非鉄,TOPIX Mid400,1,27,2,2.0,-1.0,-1.0,-1.0,-1.0,-1.0,114
7990,グローブライド,プライム,その他製品,情報通信・サービスその他,TOPIX Small 1,1,27,2,2.0,-1.0,-1.0,-1.0,-1.0,-1.0,114
8515,アイフル,プライム,その他金融業,金融（除く銀行）,TOPIX Small 1,1,28,-1,-1.0,-1.0,-1.0,-1.0,-1.0,-1.0,115
8572,アコム,スタンダード,その他金融業,金融（除く銀行）,TOPIX Mid400,1,28,-1,-1.0,-1.0,-1.0,-1.0,-1.0,-1.0,115
8584,ジャックス,プライム,その他金融業,金融（除く銀行）,TOPIX Small 1,1,28,-1,-1.0,-1.0,-1.0,-1.0,-1.0,-1.0,115
8585,オリエントコーポレーション,プライム,その他金融業,金融（除く銀行）,TOPIX Small 1,1,28,-1,-1.0,-1.0,-1.0,-1.0,-1.0,-1.0,115
8771,イー・ギャランティ,プライム,その他金融業,金融（除く銀行）,TOPIX Small 1,1,28,-1,-1.0,-1.0,-1.0,-1.0,-1.0,-1.0,115
6383,ダイフク,プライム,機械,機械,TOPIX Mid400,1,29,-1,-1.0,-1.0,-1.0,-1.0,-1.0,-1.0,116
6506,安川電機,プライム,電気機器,電機・精密,TOPIX Mid400,1,29,-1,-1.0,-1.0,-1.0,-1.0,-1.0,-1.0,116
6586,マキタ,プライム,機械,機械,TOPIX Mid400,1,29,-1,-1.0,-1.0,-1.0,-1.0,-1.0,-1.0,116
6645,オムロン,プライム,電気機器,電機・精密,TOPIX Mid400,1,29,-1,-1.0,-1.0,-1.0,-1.0,-1.0,-1.0,116
4502,武田薬品工業,プライム,医薬品,医薬品,TOPIX Core30,1,30,-1,-1.0,-1.0,-1.0,-1.0,-1.0,-1.0,117
4503,アステラス製薬,プライム,医薬品,医薬品,TOPIX Large70,1,30,-1,-1.0,-1.0,-1.0,-1.0,-1.0,-1.0,117
4506,住友ファーマ,プライム,医薬品,医薬品,TOPIX Small 1,1,30,-1,-1.0,-1.0,-1.0,-1.0,-1.0,-1.0,117
4568,第一三共,プライム,医薬品,医薬品,TOPIX Core30,1,30,-1,-1.0,-1.0,-1.0,-1.0,-1.0,-1.0,117
4578,大塚ホールディングス,プライム,医薬品,医薬品,TOPIX Large70,1,30,-1,-1.0,-1.0,-1.0,-1.0,-1.0,-1.0,117
2201,森永製菓,プライム,食料品,食品,TOPIX Mid400,1,31,1,-1.0,-1.0,-1.0,-1.0,-1.0,-1.0,118
2206,江崎グリコ,プライム,食料品,食品,TOPIX Mid400,1,31,1,-1.0,-1.0,-1.0,-1.0,-1.0,-1.0,118
2229,カルビー,プライム,食料品,食品,TOPIX Mid400,1,31,1,-1.0,-1.0,-1.0,-1.0,-1.0,-1.0,118
2267,ヤクルト本社,プライム,食料品,食品,TOPIX Mid400,1,31,1,-1.0,-1.0,-1.0,-1.0,-1.0,-1.0,118
2269,明治ホールディングス,プライム,食料品,食品,TOPIX Mid400,1,31,1,-1.0,-1.0,-1.0,-1.0,-1.0,-1.0,118
8060,キヤノンマーケティングジャパン,プライム,卸売業,商社・卸売,TOPIX Mid400,1,31,2,1.0,-1.0,-1.0,-1.0,-1.0,-1.0,119
1332,ニッスイ,プライム,水産・農林業,食品,TOPIX Mid400,1,31,2,1.0,1.0,-1.0,-1.0,-1.0,-1.0,120
1333,マルハニチロ,プライム,水産・農林業,食品,TOPIX Mid400,1,31,2,1.0,1.0,-1.0,-1.0,-1.0,-1.0,120
2212,山崎製パン,プライム,食料品,食品,TOPIX Mid400,1,31,2,1.0,2.0,1.0,-1.0,-1.0,-1.0,121
2802,味の素,プライム,食料品,食品,TOPIX Large70,1,31,2,1.0,2.0,1.0,-1.0,-1.0,-1.0,121
2809,キユーピー,プライム,食料品,食品,TOPIX Mid400,1,31,2,1.0,2.0,2.0,-1.0,-1.0,-1.0,122
2810,ハウス食品グループ本社,プライム,食料品,食品,TOPIX Mid400,1,31,2,1.0,2.0,2.0,-1.0,-1.0,-1.0,122
2815,アリアケジャパン,プライム,食料品,食品,TOPIX Small 1,1,31,2,1.0,2.0,2.0,-1.0,-1.0,-1.0,122
2001,ニップン,プライム,食料品,食品,TOPIX Small 1,1,31,2,2.0,1.0,-1.0,-1.0,-1.0,-1.0,123
2918,わらべや日洋ホールディングス,プライム,食料品,食品,TOPIX Small 1,1,31,2,2.0,1.0,-1.0,-1.0,-1.0,-1.0,123
7864,フジシールインターナショナル,プライム,その他製品,情報通信・サービスその他,TOPIX Small 1,1,31,2,2.0,2.0,-1.0,-1.0,-1.0,-1.0,124
9787,イオンディライト,プライム,サービス業,情報通信・サービスその他,TOPIX Small 1,1,31,2,2.0,2.0,-1.0,-1.0,-1.0,-1.0,124
4665,ダスキン,プライム,サービス業,情報通信・サービスその他,TOPIX Mid400,1,32,1,-1.0,-1.0,-1.0,-1.0,-1.0,-1.0,125
5463,丸一鋼管,プライム,鉄鋼,鉄鋼・非鉄,TOPIX Mid400,1,32,1,-1.0,-1.0,-1.0,-1.0,-1.0,-1.0,125
7451,三菱食品,スタンダード,卸売業,商社・卸売,TOPIX Small 1,1,32,2,1.0,-1.0,-1.0,-1.0,-1.0,-1.0,126
7734,理研計器,プライム,精密機器,電機・精密,TOPIX Small 1,1,32,2,1.0,-1.0,-1.0,-1.0,-1.0,-1.0,126
9869,加藤産業,プライム,卸売業,商社・卸売,TOPIX Small 1,1,32,2,1.0,-1.0,-1.0,-1.0,-1.0,-1.0,126
2579,コカ・コーラ　ボトラーズジャパンホールディングス,プライム,食料品,食品,TOPIX Mid400,1,32,2,2.0,1.0,-1.0,-1.0,-1.0,-1.0,127
2593,伊藤園,プライム,食料品,食品,TOPIX Mid400,1,32,2,2.0,1.0,-1.0,-1.0,-1.0,-1.0,127
2220,亀田製菓,プライム,食料品,食品,TOPIX Small 1,1,32,2,2.0,2.0,-1.0,-1.0,-1.0,-1.0,128
5947,リンナイ,プライム,金属製品,建設・資材,TOPIX Mid400,1,32,2,2.0,2.0,-1.0,-1.0,-1.0,-1.0,128
1377,サカタのタネ,プライム,水産・農林業,食品,TOPIX Small 1,1,32,2,2.0,2.0,1.0,1.0,-1.0,-1.0,129
2602,日清オイリオグループ,プライム,食料品,食品,TOPIX Small 1,1,32,2,2.0,2.0,1.0,1.0,-1.0,-1.0,129
2811,カゴメ,プライム,食料品,食品,TOPIX Mid400,1,32,2,2.0,2.0,1.0,1.0,-1.0,-1.0,129
3593,ホギメディカル,プライム,繊維製品,素材・化学,TOPIX Small 1,1,32,2,2.0,2.0,1.0,1.0,-1.0,-1.0,129
2281,プリマハム,プライム,食料品,食品,TOPIX Small 1,1,32,2,2.0,2.0,1.0,2.0,1.0,-1.0,130
7947,エフピコ,プライム,化学,素材・化学,TOPIX Small 1,1,32,2,2.0,2.0,1.0,2.0,1.0,-1.0,130
2292,Ｓ　Ｆｏｏｄｓ,プライム,食料品,食品,TOPIX Small 1,1,32,2,2.0,2.0,1.0,2.0,2.0,-1.0,131
2590,ダイドーグループホールディングス,プライム,食料品,食品,TOPIX Small 1,1,32,2,2.0,2.0,1.0,2.0,2.0,-1.0,131
2607,不二製油,プライム,食料品,食品,TOPIX Mid400,1,32,2,2.0,2.0,1.0,2.0,2.0,-1.0,131
2791,大黒天物産,プライム,小売業,小売,TOPIX Small 1,1,32,2,2.0,2.0,1.0,2.0,2.0,-1.0,131
2910,ロック・フィールド,プライム,食料品,食品,TOPIX Small 1,1,32,2,2.0,2.0,2.0,1.0,-1.0,-1.0,132
9830,トラスコ中山,プライム,卸売業,商社・卸売,TOPIX Small 1,1,32,2,2.0,2.0,2.0,1.0,-1.0,-1.0,132
3167,ＴＯＫＡＩホールディングス,プライム,卸売業,商社・卸売,TOPIX Small 1,1,32,2,2.0,2.0,2.0,2.0,-1.0,-1.0,133
7817,パラマウントベッドホールディングス,プライム,その他製品,情報通信・サービスその他,TOPIX Small 1,1,32,2,2.0,2.0,2.0,2.0,-1.0,-1.0,133
3360,シップヘルスケアホールディングス,プライム,卸売業,商社・卸売,TOPIX Mid400,1,33,-1,-1.0,-1.0,-1.0,-1.0,-1.0,-1.0,134
4534,持田製薬,プライム,医薬品,医薬品,TOPIX Small 1,1,33,1,-1.0,-1.0,-1.0,-1.0,-1.0,-1.0,135
4559,ゼリア新薬工業,プライム,医薬品,医薬品,TOPIX Small 1,1,33,1,-1.0,-1.0,-1.0,-1.0,-1.0,-1.0,135
4206,アイカ工業,プライム,化学,素材・化学,TOPIX Mid400,1,33,2,-1.0,-1.0,-1.0,-1.0,-1.0,-1.0,136
9987,スズケン,プライム,卸売業,商社・卸売,TOPIX Mid400,1,33,2,-1.0,-1.0,-1.0,-1.0,-1.0,-1.0,136
2784,アルフレッサ　ホールディングス,プライム,卸売業,商社・卸売,TOPIX Mid400,1,33,2,1.0,-1.0,-1.0,-1.0,-1.0,-1.0,137
6370,栗田工業,プライム,機械,機械,TOPIX Mid400,1,33,2,1.0,-1.0,-1.0,-1.0,-1.0,-1.0,137
7459,メディパルホールディングス,プライム,卸売業,商社・卸売,TOPIX Mid400,1,33,2,2.0,-1.0,-1.0,-1.0,-1.0,-1.0,138
8129,東邦ホールディングス,プライム,卸売業,商社・卸売,TOPIX Mid400,1,33,2,2.0,-1.0,-1.0,-1.0,-1.0,-1.0,138
2331,綜合警備保障,プライム,サービス業,情報通信・サービスその他,TOPIX Mid400,1,34,-1,-1.0,-1.0,-1.0,-1.0,-1.0,-1.0,139
6869,シスメックス,プライム,電気機器,電機・精密,TOPIX Large70,1,34,1,-1.0,-1.0,-1.0,-1.0,-1.0,-1.0,140
9735,セコム,プライム,サービス業,情報通信・サービスその他,TOPIX Large70,1,34,1,-1.0,-1.0,-1.0,-1.0,-1.0,-1.0,140
4543,テルモ,プライム,精密機器,電機・精密,TOPIX Large70,1,34,2,-1.0,-1.0,-1.0,-1.0,-1.0,-1.0,141
7747,朝日インテック,プライム,精密機器,電機・精密,TOPIX Mid400,1,34,2,-1.0,-1.0,-1.0,-1.0,-1.0,-1.0,141
8174,日本瓦斯,プライム,小売業,小売,TOPIX Mid400,1,35,-1,-1.0,-1.0,-1.0,-1.0,-1.0,-1.0,142
9531,東京瓦斯,プライム,電気･ガス業,電気・ガス,TOPIX Mid400,1,35,-1,-1.0,-1.0,-1.0,-1.0,-1.0,-1.0,142
9532,大阪瓦斯,プライム,電気･ガス業,電気・ガス,TOPIX Mid400,1,35,-1,-1.0,-1.0,-1.0,-1.0,-1.0,-1.0,142
9533,東邦瓦斯,プライム,電気･ガス業,電気・ガス,TOPIX Mid400,1,35,-1,-1.0,-1.0,-1.0,-1.0,-1.0,-1.0,142
9543,静岡ガス,プライム,電気･ガス業,電気・ガス,TOPIX Small 1,1,35,-1,-1.0,-1.0,-1.0,-1.0,-1.0,-1.0,142
2002,日清製粉グループ本社,プライム,食料品,食品,TOPIX Mid400,1,36,1,-1.0,-1.0,-1.0,-1.0,-1.0,-1.0,143
2282,日本ハム,プライム,食料品,食品,TOPIX Mid400,1,36,1,-1.0,-1.0,-1.0,-1.0,-1.0,-1.0,143
2871,ニチレイ,プライム,食料品,食品,TOPIX Mid400,1,36,1,-1.0,-1.0,-1.0,-1.0,-1.0,-1.0,143
2531,宝ホールディングス,プライム,食料品,食品,TOPIX Mid400,1,36,2,-1.0,-1.0,-1.0,-1.0,-1.0,-1.0,144
2801,キッコーマン,プライム,食料品,食品,TOPIX Mid400,1,36,2,-1.0,-1.0,-1.0,-1.0,-1.0,-1.0,144
4553,東和薬品,プライム,医薬品,医薬品,TOPIX Small 1,1,37,-1,-1.0,-1.0,-1.0,-1.0,-1.0,-1.0,145
4887,サワイグループホールディングス,プライム,医薬品,医薬品,TOPIX Mid400,1,37,-1,-1.0,-1.0,-1.0,-1.0,-1.0,-1.0,145
4521,科研製薬,プライム,医薬品,医薬品,TOPIX Mid400,1,38,-1,-1.0,-1.0,-1.0,-1.0,-1.0,-1.0,146
4547,キッセイ薬品工業,プライム,医薬品,医薬品,TOPIX Small 1,1,38,-1,-1.0,-1.0,-1.0,-1.0,-1.0,-1.0,146
4569,杏林製薬,プライム,医薬品,医薬品,TOPIX Small 1,1,38,-1,-1.0,-1.0,-1.0,-1.0,-1.0,-1.0,146
9601,松竹,プライム,情報･通信業,情報通信・サービスその他,TOPIX Small 1,1,39,-1,-1.0,-1.0,-1.0,-1.0,-1.0,-1.0,147
9602,東宝,プライム,情報･通信業,情報通信・サービスその他,TOPIX Mid400,1,39,-1,-1.0,-1.0,-1.0,-1.0,-1.0,-1.0,147
9605,東映,プライム,情報･通信業,情報通信・サービスその他,TOPIX Small 1,1,39,-1,-1.0,-1.0,-1.0,-1.0,-1.0,-1.0,147
4530,久光製薬,プライム,医薬品,医薬品,TOPIX Mid400,1,40,-1,-1.0,-1.0,-1.0,-1.0,-1.0,-1.0,148
4540,ツムラ,プライム,医薬品,医薬品,TOPIX Mid400,1,40,-1,-1.0,-1.0,-1.0,-1.0,-1.0,-1.0,148
4544,Ｈ．Ｕ．グループホールディングス,プライム,サービス業,情報通信・サービスその他,TOPIX Mid400,1,40,-1,-1.0,-1.0,-1.0,-1.0,-1.0,-1.0,148
4694,ビー・エム・エル,プライム,サービス業,情報通信・サービスその他,TOPIX Small 1,1,40,-1,-1.0,-1.0,-1.0,-1.0,-1.0,-1.0,148
1514,住石ホールディングス,スタンダード,鉱業,エネルギー資源,TOPIX Small 1,1,41,-1,-1.0,-1.0,-1.0,-1.0,-1.0,-1.0,149
1518,三井松島ホールディングス,プライム,その他製品,情報通信・サービスその他,TOPIX Small 1,1,41,-1,-1.0,-1.0,-1.0,-1.0,-1.0,-1.0,149
5830,いよぎんホールディングス,プライム,銀行業,銀行,TOPIX Mid400,1,42,1,1.0,-1.0,-1.0,-1.0,-1.0,-1.0,150
7180,九州フィナンシャルグループ,プライム,銀行業,銀行,TOPIX Mid400,1,42,1,1.0,-1.0,-1.0,-1.0,-1.0,-1.0,150
7337,ひろぎんホールディングス,プライム,銀行業,銀行,TOPIX Mid400,1,42,1,1.0,-1.0,-1.0,-1.0,-1.0,-1.0,150
8381,山陰合同銀行,プライム,銀行業,銀行,TOPIX Small 1,1,42,1,1.0,-1.0,-1.0,-1.0,-1.0,-1.0,150
8388,阿波銀行,プライム,銀行業,銀行,TOPIX Small 1,1,42,1,1.0,-1.0,-1.0,-1.0,-1.0,-1.0,150
5832,ちゅうぎんフィナンシャルグループ,プライム,銀行業,銀行,TOPIX Mid400,1,42,1,2.0,-1.0,-1.0,-1.0,-1.0,-1.0,151
8366,滋賀銀行,プライム,銀行業,銀行,TOPIX Small 1,1,42,1,2.0,1.0,-1.0,-1.0,-1.0,-1.0,152
8367,南都銀行,プライム,銀行業,銀行,TOPIX Small 1,1,42,1,2.0,1.0,-1.0,-1.0,-1.0,-1.0,152
8544,京葉銀行,プライム,銀行業,銀行,TOPIX Small 1,1,42,1,2.0,1.0,-1.0,-1.0,-1.0,-1.0,152
8346,東邦銀行,プライム,銀行業,銀行,TOPIX Small 1,1,42,1,2.0,2.0,-1.0,-1.0,-1.0,-1.0,153
8361,大垣共立銀行,プライム,銀行業,銀行,TOPIX Small 1,1,42,1,2.0,2.0,-1.0,-1.0,-1.0,-1.0,153
8334,群馬銀行,プライム,銀行業,銀行,TOPIX Mid400,1,42,2,1.0,-1.0,-1.0,-1.0,-1.0,-1.0,154
8714,池田泉州ホールディングス,プライム,銀行業,銀行,TOPIX Small 1,1,42,2,1.0,-1.0,-1.0,-1.0,-1.0,-1.0,154
8341,七十七銀行,プライム,銀行業,銀行,TOPIX Mid400,1,42,2,2.0,1.0,-1.0,-1.0,-1.0,-1.0,155
8358,スルガ銀行,プライム,銀行業,銀行,TOPIX Small 1,1,42,2,2.0,1.0,-1.0,-1.0,-1.0,-1.0,155
8377,ほくほくフィナンシャルグループ,プライム,銀行業,銀行,TOPIX Mid400,1,42,2,2.0,1.0,-1.0,-1.0,-1.0,-1.0,155
8524,北洋銀行,プライム,銀行業,銀行,TOPIX Small 1,1,42,2,2.0,1.0,-1.0,-1.0,-1.0,-1.0,155
8359,八十二銀行,プライム,銀行業,銀行,TOPIX Mid400,1,42,2,2.0,2.0,-1.0,-1.0,-1.0,-1.0,156
8418,山口フィナンシャルグループ,プライム,銀行業,銀行,TOPIX Mid400,1,42,2,2.0,2.0,-1.0,-1.0,-1.0,-1.0,156
7611,ハイデイ日高,プライム,小売業,小売,TOPIX Small 1,1,43,-1,-1.0,-1.0,-1.0,-1.0,-1.0,-1.0,157
1419,タマホーム,プライム,建設業,建設・資材,TOPIX Small 1,1,43,1,-1.0,-1.0,-1.0,-1.0,-1.0,-1.0,158
7630,壱番屋,プライム,小売業,小売,TOPIX Small 1,1,43,1,-1.0,-1.0,-1.0,-1.0,-1.0,-1.0,158
9470,学研ホールディングス,プライム,情報･通信業,情報通信・サービスその他,TOPIX Small 1,1,43,1,-1.0,-1.0,-1.0,-1.0,-1.0,-1.0,158
3091,ブロンコビリー,プライム,小売業,小売,TOPIX Small 1,1,43,2,1.0,-1.0,-1.0,-1.0,-1.0,-1.0,159
8200,リンガーハット,プライム,小売業,小売,TOPIX Small 1,1,43,2,1.0,-1.0,-1.0,-1.0,-1.0,-1.0,159
2681,ゲオホールディングス,プライム,小売業,小売,TOPIX Small 1,1,43,2,2.0,1.0,-1.0,-1.0,-1.0,-1.0,160
7581,サイゼリヤ,プライム,小売業,小売,TOPIX Small 1,1,43,2,2.0,1.0,-1.0,-1.0,-1.0,-1.0,160
9861,吉野家ホールディングス,プライム,小売業,小売,TOPIX Mid400,1,43,2,2.0,1.0,-1.0,-1.0,-1.0,-1.0,160
3097,物語コーポレーション,プライム,小売業,小売,TOPIX Small 1,1,43,2,2.0,2.0,-1.0,-1.0,-1.0,-1.0,161
7550,ゼンショーホールディングス,プライム,小売業,小売,TOPIX Mid400,1,43,2,2.0,2.0,-1.0,-1.0,-1.0,-1.0,161
8111,ゴールドウイン,プライム,繊維製品,素材・化学,TOPIX Mid400,1,43,2,2.0,2.0,-1.0,-1.0,-1.0,-1.0,161
8179,ロイヤルホールディングス,プライム,小売業,小売,TOPIX Small 1,1,43,2,2.0,2.0,-1.0,-1.0,-1.0,-1.0,161
4666,パーク２４,プライム,不動産業,不動産,TOPIX Mid400,1,44,-1,-1.0,-1.0,-1.0,-1.0,-1.0,-1.0,162
9020,東日本旅客鉄道,プライム,陸運業,運輸・物流,TOPIX Large70,1,44,-1,-1.0,-1.0,-1.0,-1.0,-1.0,-1.0,162
9021,西日本旅客鉄道,プライム,陸運業,運輸・物流,TOPIX Large70,1,44,-1,-1.0,-1.0,-1.0,-1.0,-1.0,-1.0,162
9022,東海旅客鉄道,プライム,陸運業,運輸・物流,TOPIX Large70,1,44,-1,-1.0,-1.0,-1.0,-1.0,-1.0,-1.0,162
2127,日本Ｍ＆Ａセンターホールディングス,プライム,サービス業,情報通信・サービスその他,TOPIX Mid400,1,45,1,-1.0,-1.0,-1.0,-1.0,-1.0,-1.0,163
9744,メイテックグループホールディングス,プライム,サービス業,情報通信・サービスその他,TOPIX Mid400,1,45,1,-1.0,-1.0,-1.0,-1.0,-1.0,-1.0,163
2121,ＭＩＸＩ,プライム,サービス業,情報通信・サービスその他,TOPIX Small 1,1,45,2,1.0,-1.0,-1.0,-1.0,-1.0,-1.0,164
2678,アスクル,プライム,小売業,小売,TOPIX Small 1,1,45,2,1.0,-1.0,-1.0,-1.0,-1.0,-1.0,164
3064,ＭｏｎｏｔａＲＯ,プライム,小売業,小売,TOPIX Mid400,1,45,2,1.0,-1.0,-1.0,-1.0,-1.0,-1.0,164
3092,ＺＯＺＯ,プライム,小売業,小売,TOPIX Mid400,1,45,2,1.0,-1.0,-1.0,-1.0,-1.0,-1.0,164
4751,サイバーエージェント,プライム,サービス業,情報通信・サービスその他,TOPIX Mid400,1,45,2,1.0,-1.0,-1.0,-1.0,-1.0,-1.0,164
3769,ＧＭＯペイメントゲートウェイ,プライム,情報･通信業,情報通信・サービスその他,TOPIX Mid400,1,45,2,2.0,-1.0,-1.0,-1.0,-1.0,-1.0,165
9449,ＧＭＯインターネットグループ,プライム,情報･通信業,情報通信・サービスその他,TOPIX Mid400,1,45,2,2.0,-1.0,-1.0,-1.0,-1.0,-1.0,165
7943,ニチハ,プライム,ガラス･土石製品,建設・資材,TOPIX Small 1,1,46,1,-1.0,-1.0,-1.0,-1.0,-1.0,-1.0,166
9682,ＤＴＳ,プライム,情報･通信業,情報通信・サービスその他,TOPIX Small 1,1,46,1,-1.0,-1.0,-1.0,-1.0,-1.0,-1.0,166
9715,トランス・コスモス,プライム,サービス業,情報通信・サービスその他,TOPIX Small 1,1,46,1,-1.0,-1.0,-1.0,-1.0,-1.0,-1.0,166
9759,ＮＳＤ,プライム,情報･通信業,情報通信・サービスその他,TOPIX Mid400,1,46,1,-1.0,-1.0,-1.0,-1.0,-1.0,-1.0,166
2327,日鉄ソリューションズ,プライム,情報･通信業,情報通信・サービスその他,TOPIX Mid400,1,46,2,1.0,-1.0,-1.0,-1.0,-1.0,-1.0,167
9719,ＳＣＳＫ,プライム,情報･通信業,情報通信・サービスその他,TOPIX Mid400,1,46,2,1.0,-1.0,-1.0,-1.0,-1.0,-1.0,167
9793,ダイセキ,プライム,サービス業,情報通信・サービスその他,TOPIX Small 1,1,46,2,1.0,-1.0,-1.0,-1.0,-1.0,-1.0,167
3626,ＴＩＳ,プライム,情報･通信業,情報通信・サービスその他,TOPIX Mid400,1,46,2,2.0,-1.0,-1.0,-1.0,-1.0,-1.0,168
8056,ＢＩＰＲＯＧＹ,プライム,情報･通信業,情報通信・サービスその他,TOPIX Mid400,1,46,2,2.0,-1.0,-1.0,-1.0,-1.0,-1.0,168
8750,第一生命ホールディングス,プライム,保険業,金融（除く銀行）,TOPIX Large70,1,47,-1,-1.0,-1.0,-1.0,-1.0,-1.0,-1.0,169
8795,Ｔ＆Ｄホールディングス,プライム,保険業,金融（除く銀行）,TOPIX Mid400,1,47,-1,-1.0,-1.0,-1.0,-1.0,-1.0,-1.0,169
3861,王子ホールディングス,プライム,パルプ・紙,素材・化学,TOPIX Mid400,1,48,1,-1.0,-1.0,-1.0,-1.0,-1.0,-1.0,170
3941,レンゴー,プライム,パルプ・紙,素材・化学,TOPIX Mid400,1,48,1,-1.0,-1.0,-1.0,-1.0,-1.0,-1.0,170
3863,日本製紙,プライム,パルプ・紙,素材・化学,TOPIX Small 1,1,48,2,-1.0,-1.0,-1.0,-1.0,-1.0,-1.0,171
3865,北越コーポレーション,プライム,パルプ・紙,素材・化学,TOPIX Small 1,1,48,2,-1.0,-1.0,-1.0,-1.0,-1.0,-1.0,171
3880,大王製紙,プライム,パルプ・紙,素材・化学,TOPIX Small 1,1,48,2,-1.0,-1.0,-1.0,-1.0,-1.0,-1.0,171
6361,荏原製作所,プライム,機械,機械,TOPIX Mid400,1,49,1,1.0,1.0,-1.0,-1.0,-1.0,-1.0,172
6952,カシオ計算機,プライム,電気機器,電機・精密,TOPIX Mid400,1,49,1,1.0,1.0,-1.0,-1.0,-1.0,-1.0,172
5851,リョービ,プライム,非鉄金属,鉄鋼・非鉄,TOPIX Small 1,1,49,1,1.0,2.0,-1.0,-1.0,-1.0,-1.0,173
3105,日清紡ホールディングス,プライム,電気機器,電機・精密,TOPIX Mid400,1,49,1,1.0,2.0,1.0,-1.0,-1.0,-1.0,174
6471,日本精工,プライム,機械,機械,TOPIX Mid400,1,49,1,1.0,2.0,1.0,-1.0,-1.0,-1.0,174
7762,シチズン時計,プライム,精密機器,電機・精密,TOPIX Small 1,1,49,1,1.0,2.0,2.0,-1.0,-1.0,-1.0,175
8050,セイコーグループ,プライム,精密機器,電機・精密,TOPIX Small 1,1,49,1,1.0,2.0,2.0,-1.0,-1.0,-1.0,175
5333,日本碍子,プライム,ガラス･土石製品,建設・資材,TOPIX Mid400,1,49,1,2.0,1.0,-1.0,-1.0,-1.0,-1.0,176
6674,ジーエス・ユアサ　コーポレーション,プライム,電気機器,電機・精密,TOPIX Mid400,1,49,1,2.0,1.0,-1.0,-1.0,-1.0,-1.0,176
6473,ジェイテクト,プライム,機械,機械,TOPIX Mid400,1,49,1,2.0,2.0,1.0,-1.0,-1.0,-1.0,177
7732,トプコン,プライム,精密機器,電機・精密,TOPIX Mid400,1,49,1,2.0,2.0,1.0,-1.0,-1.0,-1.0,177
6486,イーグル工業,プライム,機械,機械,TOPIX Small 1,1,49,1,2.0,2.0,2.0,-1.0,-1.0,-1.0,178
7240,ＮＯＫ,プライム,輸送用機器,自動車・輸送機,TOPIX Mid400,1,49,1,2.0,2.0,2.0,-1.0,-1.0,-1.0,178
5801,古河電気工業,プライム,非鉄金属,鉄鋼・非鉄,TOPIX Mid400,1,49,2,1.0,-1.0,-1.0,-1.0,-1.0,-1.0,179
6753,シャープ,プライム,電気機器,電機・精密,TOPIX Mid400,1,49,2,1.0,-1.0,-1.0,-1.0,-1.0,-1.0,179
5803,フジクラ,プライム,非鉄金属,鉄鋼・非鉄,TOPIX Mid400,1,49,2,1.0,1.0,-1.0,-1.0,-1.0,-1.0,180
7242,カヤバ,プライム,輸送用機器,自動車・輸送機,TOPIX Small 1,1,49,2,1.0,1.0,-1.0,-1.0,-1.0,-1.0,180
6371,椿本チエイン,プライム,機械,機械,TOPIX Small 1,1,49,2,1.0,2.0,-1.0,-1.0,-1.0,-1.0,181
6472,ＮＴＮ,プライム,機械,機械,TOPIX Mid400,1,49,2,1.0,2.0,-1.0,-1.0,-1.0,-1.0,181
6136,オーエスジー,プライム,機械,機械,TOPIX Mid400,1,49,2,2.0,1.0,-1.0,-1.0,-1.0,-1.0,182
6222,島精機製作所,プライム,機械,機械,TOPIX Small 1,1,49,2,2.0,1.0,-1.0,-1.0,-1.0,-1.0,182
6250,やまびこ,プライム,機械,機械,TOPIX Small 1,1,49,2,2.0,2.0,-1.0,-1.0,-1.0,-1.0,183
6406,フジテック,プライム,機械,機械,TOPIX Mid400,1,49,2,2.0,2.0,-1.0,-1.0,-1.0,-1.0,183
6474,不二越,プライム,機械,機械,TOPIX Small 1,1,49,2,2.0,2.0,-1.0,-1.0,-1.0,-1.0,183
7718,スター精密,プライム,機械,機械,TOPIX Small 1,1,49,2,2.0,2.0,-1.0,-1.0,-1.0,-1.0,183
4626,太陽ホールディングス,プライム,化学,素材・化学,TOPIX Small 1,1,50,1,1.0,-1.0,-1.0,-1.0,-1.0,-1.0,184
7433,伯東,プライム,卸売業,商社・卸売,TOPIX Small 1,1,50,1,1.0,-1.0,-1.0,-1.0,-1.0,-1.0,184
4633,サカタインクス,プライム,化学,素材・化学,TOPIX Small 1,1,50,1,2.0,-1.0,-1.0,-1.0,-1.0,-1.0,185
4634,ａｒｔｉｅｎｃｅ,プライム,化学,素材・化学,TOPIX Small 1,1,50,1,2.0,-1.0,-1.0,-1.0,-1.0,-1.0,185
4045,東亞合成,プライム,化学,素材・化学,TOPIX Mid400,1,50,1,2.0,1.0,-1.0,-1.0,-1.0,-1.0,186
4401,ＡＤＥＫＡ,プライム,化学,素材・化学,TOPIX Mid400,1,50,1,2.0,1.0,-1.0,-1.0,-1.0,-1.0,186
7966,リンテック,プライム,その他製品,情報通信・サービスその他,TOPIX Small 1,1,50,1,2.0,1.0,-1.0,-1.0,-1.0,-1.0,186
3110,日東紡績,プライム,ガラス･土石製品,建設・資材,TOPIX Small 1,1,50,1,2.0,2.0,1.0,-1.0,-1.0,-1.0,187
4041,日本曹達,プライム,化学,素材・化学,TOPIX Small 1,1,50,1,2.0,2.0,1.0,-1.0,-1.0,-1.0,187
4617,中国塗料,プライム,化学,素材・化学,TOPIX Small 1,1,50,1,2.0,2.0,1.0,-1.0,-1.0,-1.0,187
6278,ユニオンツール,プライム,機械,機械,TOPIX Small 1,1,50,1,2.0,2.0,2.0,-1.0,-1.0,-1.0,188
6363,酉島製作所,プライム,機械,機械,TOPIX Small 1,1,50,1,2.0,2.0,2.0,-1.0,-1.0,-1.0,188
5451,淀川製鋼所,プライム,鉄鋼,鉄鋼・非鉄,TOPIX Small 1,1,50,2,1.0,-1.0,-1.0,-1.0,-1.0,-1.0,189
6498,キッツ,プライム,機械,機械,TOPIX Small 1,1,50,2,1.0,-1.0,-1.0,-1.0,-1.0,-1.0,189
8012,長瀬産業,プライム,卸売業,商社・卸売,TOPIX Mid400,1,50,2,1.0,-1.0,-1.0,-1.0,-1.0,-1.0,189
8098,稲畑産業,プライム,卸売業,商社・卸売,TOPIX Small 1,1,50,2,1.0,-1.0,-1.0,-1.0,-1.0,-1.0,189
6013,タクマ,プライム,機械,機械,TOPIX Small 1,1,50,2,2.0,-1.0,-1.0,-1.0,-1.0,-1.0,190
7226,極東開発工業,プライム,輸送用機器,自動車・輸送機,TOPIX Small 1,1,50,2,2.0,-1.0,-1.0,-1.0,-1.0,-1.0,190
8051,山善,プライム,卸売業,商社・卸売,TOPIX Small 1,1,50,2,2.0,-1.0,-1.0,-1.0,-1.0,-1.0,190
8074,ユアサ商事,プライム,卸売業,商社・卸売,TOPIX Small 1,1,50,2,2.0,-1.0,-1.0,-1.0,-1.0,-1.0,190
5202,日本板硝子,プライム,ガラス･土石製品,建設・資材,TOPIX Small 1,1,51,1,1.0,-1.0,-1.0,-1.0,-1.0,-1.0,191
5406,神戸製鋼所,プライム,鉄鋼,鉄鋼・非鉄,TOPIX Mid400,1,51,1,1.0,-1.0,-1.0,-1.0,-1.0,-1.0,191
6632,ＪＶＣケンウッド,プライム,電気機器,電機・精密,TOPIX Mid400,1,51,1,1.0,-1.0,-1.0,-1.0,-1.0,-1.0,191
6703,沖電気工業,プライム,電気機器,電機・精密,TOPIX Small 1,1,51,1,1.0,-1.0,-1.0,-1.0,-1.0,-1.0,191
6507,シンフォニアテクノロジー,プライム,電気機器,電機・精密,TOPIX Small 1,1,51,1,2.0,-1.0,-1.0,-1.0,-1.0,-1.0,192
3036,アルコニックス,プライム,卸売業,商社・卸売,TOPIX Small 1,1,51,1,2.0,1.0,-1.0,-1.0,-1.0,-1.0,193
4023,クレハ,プライム,化学,素材・化学,TOPIX Small 1,1,51,1,2.0,1.0,-1.0,-1.0,-1.0,-1.0,193
5563,新日本電工,プライム,鉄鋼,鉄鋼・非鉄,TOPIX Small 1,1,51,1,2.0,1.0,-1.0,-1.0,-1.0,-1.0,193
4028,石原産業,プライム,化学,素材・化学,TOPIX Small 1,1,51,1,2.0,2.0,-1.0,-1.0,-1.0,-1.0,194
5208,有沢製作所,プライム,化学,素材・化学,TOPIX Small 1,1,51,1,2.0,2.0,-1.0,-1.0,-1.0,-1.0,194
5480,日本冶金工業,プライム,鉄鋼,鉄鋼・非鉄,TOPIX Small 1,1,51,1,2.0,2.0,-1.0,-1.0,-1.0,-1.0,194
5411,ＪＦＥホールディングス,プライム,鉄鋼,鉄鋼・非鉄,TOPIX Mid400,1,51,2,1.0,-1.0,-1.0,-1.0,-1.0,-1.0,195
5440,共英製鋼,プライム,鉄鋼,鉄鋼・非鉄,TOPIX Small 1,1,51,2,1.0,-1.0,-1.0,-1.0,-1.0,-1.0,195
5444,大和工業,プライム,鉄鋼,鉄鋼・非鉄,TOPIX Mid400,1,51,2,1.0,-1.0,-1.0,-1.0,-1.0,-1.0,195
5471,大同特殊鋼,プライム,鉄鋼,鉄鋼・非鉄,TOPIX Mid400,1,51,2,1.0,-1.0,-1.0,-1.0,-1.0,-1.0,195
5401,日本製鉄,プライム,鉄鋼,鉄鋼・非鉄,TOPIX Large70,1,51,2,2.0,1.0,-1.0,-1.0,-1.0,-1.0,196
5423,東京製鐵,プライム,鉄鋼,鉄鋼・非鉄,TOPIX Small 1,1,51,2,2.0,1.0,-1.0,-1.0,-1.0,-1.0,196
5741,ＵＡＣＪ,プライム,非鉄金属,鉄鋼・非鉄,TOPIX Small 1,1,51,2,2.0,1.0,-1.0,-1.0,-1.0,-1.0,196
5482,愛知製鋼,プライム,鉄鋼,鉄鋼・非鉄,TOPIX Small 1,1,51,2,2.0,2.0,-1.0,-1.0,-1.0,-1.0,197
5703,日本軽金属ホールディングス,プライム,非鉄金属,鉄鋼・非鉄,TOPIX Small 1,1,51,2,2.0,2.0,-1.0,-1.0,-1.0,-1.0,197
7004,カナデビア,プライム,機械,機械,TOPIX Small 1,1,51,2,2.0,2.0,-1.0,-1.0,-1.0,-1.0,197
9045,京阪ホールディングス,プライム,陸運業,運輸・物流,TOPIX Mid400,1,52,-1,-1.0,-1.0,-1.0,-1.0,-1.0,-1.0,198
9048,名古屋鉄道,プライム,陸運業,運輸・物流,TOPIX Mid400,1,52,-1,-1.0,-1.0,-1.0,-1.0,-1.0,-1.0,198
2501,サッポロホールディングス,プライム,食料品,食品,TOPIX Mid400,1,53,-1,-1.0,-1.0,-1.0,-1.0,-1.0,-1.0,199
2502,アサヒグループホールディングス,プライム,食料品,食品,TOPIX Large70,1,53,-1,-1.0,-1.0,-1.0,-1.0,-1.0,-1.0,199
2503,キリンホールディングス,プライム,食料品,食品,TOPIX Large70,1,53,-1,-1.0,-1.0,-1.0,-1.0,-1.0,-1.0,199
2914,日本たばこ産業,プライム,食料品,食品,TOPIX Core30,1,53,-1,-1.0,-1.0,-1.0,-1.0,-1.0,-1.0,199
3003,ヒューリック,プライム,不動産業,不動産,TOPIX Mid400,1,54,1,-1.0,-1.0,-1.0,-1.0,-1.0,-1.0,200
8803,平和不動産,プライム,不動産業,不動産,TOPIX Small 1,1,54,1,-1.0,-1.0,-1.0,-1.0,-1.0,-1.0,200
8804,東京建物,プライム,不動産業,不動産,TOPIX Mid400,1,54,1,-1.0,-1.0,-1.0,-1.0,-1.0,-1.0,200
8848,レオパレス２１,プライム,不動産業,不動産,TOPIX Small 1,1,54,1,-1.0,-1.0,-1.0,-1.0,-1.0,-1.0,200
3231,野村不動産ホールディングス,プライム,不動産業,不動産,TOPIX Mid400,1,54,2,-1.0,-1.0,-1.0,-1.0,-1.0,-1.0,201
3289,東急不動産ホールディングス,プライム,不動産業,不動産,TOPIX Mid400,1,54,2,-1.0,-1.0,-1.0,-1.0,-1.0,-1.0,201
8905,イオンモール,プライム,不動産業,不動産,TOPIX Mid400,1,54,2,-1.0,-1.0,-1.0,-1.0,-1.0,-1.0,201
9502,中部電力,プライム,電気･ガス業,電気・ガス,TOPIX Mid400,1,55,-1,-1.0,-1.0,-1.0,-1.0,-1.0,-1.0,202
9504,中国電力,プライム,電気･ガス業,電気・ガス,TOPIX Mid400,1,55,-1,-1.0,-1.0,-1.0,-1.0,-1.0,-1.0,202
9505,北陸電力,プライム,電気･ガス業,電気・ガス,TOPIX Mid400,1,55,-1,-1.0,-1.0,-1.0,-1.0,-1.0,-1.0,202
9511,沖縄電力,プライム,電気･ガス業,電気・ガス,TOPIX Small 1,1,55,-1,-1.0,-1.0,-1.0,-1.0,-1.0,-1.0,202
3002,グンゼ,プライム,繊維製品,素材・化学,TOPIX Small 1,1,56,1,-1.0,-1.0,-1.0,-1.0,-1.0,-1.0,203
3608,ＴＳＩホールディングス,プライム,繊維製品,素材・化学,TOPIX Small 1,1,56,1,-1.0,-1.0,-1.0,-1.0,-1.0,-1.0,203
8016,オンワードホールディングス,プライム,繊維製品,素材・化学,TOPIX Small 1,1,56,1,-1.0,-1.0,-1.0,-1.0,-1.0,-1.0,203
3591,ワコールホールディングス,プライム,繊維製品,素材・化学,TOPIX Mid400,1,56,2,-1.0,-1.0,-1.0,-1.0,-1.0,-1.0,204
6436,アマノ,プライム,機械,機械,TOPIX Mid400,1,56,2,-1.0,-1.0,-1.0,-1.0,-1.0,-1.0,204
6457,グローリー,プライム,機械,機械,TOPIX Mid400,1,56,2,-1.0,-1.0,-1.0,-1.0,-1.0,-1.0,204
5076,インフロニア・ホールディングス,プライム,建設業,建設・資材,TOPIX Mid400,1,57,-1,-1.0,-1.0,-1.0,-1.0,-1.0,-1.0,205
1802,大林組,プライム,建設業,建設・資材,TOPIX Mid400,1,57,1,-1.0,-1.0,-1.0,-1.0,-1.0,-1.0,206
1835,東鉄工業,プライム,建設業,建設・資材,TOPIX Small 1,1,57,1,-1.0,-1.0,-1.0,-1.0,-1.0,-1.0,206
1803,清水建設,プライム,建設業,建設・資材,TOPIX Mid400,1,57,2,-1.0,-1.0,-1.0,-1.0,-1.0,-1.0,207
1833,奥村組,プライム,建設業,建設・資材,TOPIX Small 1,1,57,2,-1.0,-1.0,-1.0,-1.0,-1.0,-1.0,207
1860,戸田建設,プライム,建設業,建設・資材,TOPIX Mid400,1,57,2,-1.0,-1.0,-1.0,-1.0,-1.0,-1.0,207
9301,三菱倉庫,プライム,倉庫･運輸関連業,運輸・物流,TOPIX Mid400,1,58,1,-1.0,-1.0,-1.0,-1.0,-1.0,-1.0,208
9364,上組,プライム,倉庫･運輸関連業,運輸・物流,TOPIX Mid400,1,58,1,-1.0,-1.0,-1.0,-1.0,-1.0,-1.0,208
9983,ファーストリテイリング,プライム,小売業,小売,TOPIX Core30,1,58,1,-1.0,-1.0,-1.0,-1.0,-1.0,-1.0,208
9302,三井倉庫ホールディングス,プライム,倉庫･運輸関連業,運輸・物流,TOPIX Small 1,1,58,2,-1.0,-1.0,-1.0,-1.0,-1.0,-1.0,209
9303,住友倉庫,プライム,倉庫･運輸関連業,運輸・物流,TOPIX Small 1,1,58,2,-1.0,-1.0,-1.0,-1.0,-1.0,-1.0,209
1878,大東建託,プライム,不動産業,不動産,TOPIX Mid400,1,59,1,-1.0,-1.0,-1.0,-1.0,-1.0,-1.0,210
1925,大和ハウス工業,プライム,建設業,建設・資材,TOPIX Large70,1,59,1,-1.0,-1.0,-1.0,-1.0,-1.0,-1.0,210
1911,住友林業,プライム,建設業,建設・資材,TOPIX Mid400,1,59,2,1.0,-1.0,-1.0,-1.0,-1.0,-1.0,211
1928,積水ハウス,プライム,建設業,建設・資材,TOPIX Large70,1,59,2,1.0,-1.0,-1.0,-1.0,-1.0,-1.0,211
3291,飯田グループホールディングス,プライム,不動産業,不動産,TOPIX Mid400,1,59,2,2.0,-1.0,-1.0,-1.0,-1.0,-1.0,212
4204,積水化学工業,プライム,化学,素材・化学,TOPIX Mid400,1,59,2,2.0,-1.0,-1.0,-1.0,-1.0,-1.0,212
5393,ニチアス,プライム,ガラス･土石製品,建設・資材,TOPIX Mid400,1,59,2,2.0,-1.0,-1.0,-1.0,-1.0,-1.0,212
7970,信越ポリマー,プライム,化学,素材・化学,TOPIX Small 1,1,60,-1,-1.0,-1.0,-1.0,-1.0,-1.0,-1.0,213
8154,加賀電子,プライム,卸売業,商社・卸売,TOPIX Small 1,1,60,-1,-1.0,-1.0,-1.0,-1.0,-1.0,-1.0,213
4974,タカラバイオ,プライム,化学,素材・化学,TOPIX Small 1,1,61,-1,-1.0,-1.0,-1.0,-1.0,-1.0,-1.0,214
8086,ニプロ,プライム,精密機器,電機・精密,TOPIX Mid400,1,61,-1,-1.0,-1.0,-1.0,-1.0,-1.0,-1.0,214
2749,ＪＰホールディングス,プライム,サービス業,情報通信・サービスその他,TOPIX Small 1,1,61,1,-1.0,-1.0,-1.0,-1.0,-1.0,-1.0,215
4549,栄研化学,プライム,医薬品,医薬品,TOPIX Small 1,1,61,1,-1.0,-1.0,-1.0,-1.0,-1.0,-1.0,215
4565,ネクセラファーマ,プライム,医薬品,医薬品,TOPIX Small 1,1,61,1,-1.0,-1.0,-1.0,-1.0,-1.0,-1.0,215
2931,ユーグレナ,プライム,食料品,食品,TOPIX Small 1,1,61,2,-1.0,-1.0,-1.0,-1.0,-1.0,-1.0,216
3668,コロプラ,プライム,情報･通信業,情報通信・サービスその他,TOPIX Small 1,1,61,2,-1.0,-1.0,-1.0,-1.0,-1.0,-1.0,216
3659,ネクソン,プライム,情報･通信業,情報通信・サービスその他,TOPIX Mid400,1,62,-1,-1.0,-1.0,-1.0,-1.0,-1.0,-1.0,217
3635,コーエーテクモホールディングス,プライム,情報･通信業,情報通信・サービスその他,TOPIX Mid400,1,62,1,-1.0,-1.0,-1.0,-1.0,-1.0,-1.0,218
9697,カプコン,プライム,情報･通信業,情報通信・サービスその他,TOPIX Mid400,1,62,1,-1.0,-1.0,-1.0,-1.0,-1.0,-1.0,218
7832,バンダイナムコホールディングス,プライム,その他製品,情報通信・サービスその他,TOPIX Large70,1,62,2,-1.0,-1.0,-1.0,-1.0,-1.0,-1.0,219
9684,スクウェア・エニックス・ホールディングス,プライム,情報･通信業,情報通信・サービスその他,TOPIX Mid400,1,62,2,-1.0,-1.0,-1.0,-1.0,-1.0,-1.0,219
9766,コナミグループ,プライム,情報･通信業,情報通信・サービスその他,TOPIX Mid400,1,62,2,-1.0,-1.0,-1.0,-1.0,-1.0,-1.0,219
1414,ショーボンドホールディングス,プライム,建設業,建設・資材,TOPIX Mid400,1,63,1,-1.0,-1.0,-1.0,-1.0,-1.0,-1.0,220
1884,日本道路,プライム,建設業,建設・資材,TOPIX Small 1,1,63,1,-1.0,-1.0,-1.0,-1.0,-1.0,-1.0,220
7821,前田工繊,プライム,その他製品,情報通信・サービスその他,TOPIX Small 1,1,63,1,-1.0,-1.0,-1.0,-1.0,-1.0,-1.0,220
1801,大成建設,プライム,建設業,建設・資材,TOPIX Mid400,1,63,2,1.0,-1.0,-1.0,-1.0,-1.0,-1.0,221
1812,鹿島建設,プライム,建設業,建設・資材,TOPIX Mid400,1,63,2,1.0,-1.0,-1.0,-1.0,-1.0,-1.0,221
1890,東洋建設,プライム,建設業,建設・資材,TOPIX Small 1,1,63,2,2.0,-1.0,-1.0,-1.0,-1.0,-1.0,222
1893,五洋建設,プライム,建設業,建設・資材,TOPIX Mid400,1,63,2,2.0,-1.0,-1.0,-1.0,-1.0,-1.0,222
1926,ライト工業,プライム,建設業,建設・資材,TOPIX Small 1,1,63,2,2.0,-1.0,-1.0,-1.0,-1.0,-1.0,222
5911,横河ブリッジホールディングス,プライム,金属製品,建設・資材,TOPIX Small 1,1,63,2,2.0,-1.0,-1.0,-1.0,-1.0,-1.0,222
6419,マースグループホールディングス,プライム,機械,機械,TOPIX Small 1,1,64,-1,-1.0,-1.0,-1.0,-1.0,-1.0,-1.0,223
6430,ダイコク電機,プライム,機械,機械,TOPIX Small 1,1,64,-1,-1.0,-1.0,-1.0,-1.0,-1.0,-1.0,223
6965,浜松ホトニクス,プライム,電気機器,電機・精密,TOPIX Mid400,1,65,-1,-1.0,-1.0,-1.0,-1.0,-1.0,-1.0,224
7701,島津製作所,プライム,精密機器,電機・精密,TOPIX Mid400,1,65,-1,-1.0,-1.0,-1.0,-1.0,-1.0,-1.0,224
4902,コニカミノルタ,プライム,電気機器,電機・精密,TOPIX Mid400,1,66,-1,-1.0,-1.0,-1.0,-1.0,-1.0,-1.0,225
7740,タムロン,プライム,精密機器,電機・精密,TOPIX Small 1,1,66,-1,-1.0,-1.0,-1.0,-1.0,-1.0,-1.0,225
7752,リコー,プライム,電気機器,電機・精密,TOPIX Mid400,1,66,-1,-1.0,-1.0,-1.0,-1.0,-1.0,-1.0,225
2875,東洋水産,プライム,食料品,食品,TOPIX Mid400,1,67,-1,-1.0,-1.0,-1.0,-1.0,-1.0,-1.0,226
2897,日清食品ホールディングス,プライム,食料品,食品,TOPIX Mid400,1,67,-1,-1.0,-1.0,-1.0,-1.0,-1.0,-1.0,226
4985,アース製薬,プライム,化学,素材・化学,TOPIX Small 1,1,67,-1,-1.0,-1.0,-1.0,-1.0,-1.0,-1.0,226
6849,日本光電工業,プライム,電気機器,電機・精密,TOPIX Mid400,1,67,-1,-1.0,-1.0,-1.0,-1.0,-1.0,-1.0,226
7309,シマノ,プライム,輸送用機器,自動車・輸送機,TOPIX Large70,1,67,-1,-1.0,-1.0,-1.0,-1.0,-1.0,-1.0,226
6412,平和,プライム,機械,機械,TOPIX Small 1,1,68,-1,-1.0,-1.0,-1.0,-1.0,-1.0,-1.0,227
6417,ＳＡＮＫＹＯ,プライム,機械,機械,TOPIX Mid400,1,68,-1,-1.0,-1.0,-1.0,-1.0,-1.0,-1.0,227
6460,セガサミーホールディングス,プライム,機械,機械,TOPIX Mid400,1,68,-1,-1.0,-1.0,-1.0,-1.0,-1.0,-1.0,227
4516,日本新薬,プライム,医薬品,医薬品,TOPIX Mid400,1,69,-1,-1.0,-1.0,-1.0,-1.0,-1.0,-1.0,228
4528,小野薬品工業,プライム,医薬品,医薬品,TOPIX Mid400,1,69,-1,-1.0,-1.0,-1.0,-1.0,-1.0,-1.0,228
4536,参天製薬,プライム,医薬品,医薬品,TOPIX Mid400,1,69,-1,-1.0,-1.0,-1.0,-1.0,-1.0,-1.0,228
4612,日本ペイントホールディングス,プライム,化学,素材・化学,TOPIX Mid400,1,70,-1,-1.0,-1.0,-1.0,-1.0,-1.0,-1.0,229
4613,関西ペイント,プライム,化学,素材・化学,TOPIX Mid400,1,70,-1,-1.0,-1.0,-1.0,-1.0,-1.0,-1.0,229
4004,レゾナック・ホールディングス,プライム,化学,素材・化学,TOPIX Mid400,1,71,-1,-1.0,-1.0,-1.0,-1.0,-1.0,-1.0,230
5301,東海カーボン,プライム,ガラス･土石製品,建設・資材,TOPIX Mid400,1,71,-1,-1.0,-1.0,-1.0,-1.0,-1.0,-1.0,230
5302,日本カーボン,プライム,ガラス･土石製品,建設・資材,TOPIX Small 1,1,71,-1,-1.0,-1.0,-1.0,-1.0,-1.0,-1.0,230
5310,東洋炭素,プライム,ガラス･土石製品,建設・資材,TOPIX Small 1,1,71,-1,-1.0,-1.0,-1.0,-1.0,-1.0,-1.0,230
4704,トレンドマイクロ,プライム,情報･通信業,情報通信・サービスその他,TOPIX Mid400,1,72,-1,-1.0,-1.0,-1.0,-1.0,-1.0,-1.0,231
7733,オリンパス,プライム,精密機器,電機・精密,TOPIX Large70,1,72,-1,-1.0,-1.0,-1.0,-1.0,-1.0,-1.0,231
7951,ヤマハ,プライム,その他製品,情報通信・サービスその他,TOPIX Mid400,1,72,-1,-1.0,-1.0,-1.0,-1.0,-1.0,-1.0,231
9613,ＮＴＴデータグループ,プライム,情報･通信業,情報通信・サービスその他,TOPIX Mid400,1,72,-1,-1.0,-1.0,-1.0,-1.0,-1.0,-1.0,231
5857,ＡＲＥホールディングス,プライム,非鉄金属,鉄鋼・非鉄,TOPIX Small 1,1,73,-1,-1.0,-1.0,-1.0,-1.0,-1.0,-1.0,232
7456,松田産業,プライム,卸売業,商社・卸売,TOPIX Small 1,1,73,-1,-1.0,-1.0,-1.0,-1.0,-1.0,-1.0,232
2353,日本駐車場開発,プライム,不動産業,不動産,TOPIX Small 1,1,74,-1,-1.0,-1.0,-1.0,-1.0,-1.0,-1.0,233
7148,ＦＰＧ,プライム,証券･商品先物取引業,金融（除く銀行）,TOPIX Small 1,1,74,1,-1.0,-1.0,-1.0,-1.0,-1.0,-1.0,234
8934,サンフロンティア不動産,プライム,不動産業,不動産,TOPIX Small 1,1,74,1,-1.0,-1.0,-1.0,-1.0,-1.0,-1.0,234
9678,カナモト,プライム,サービス業,情報通信・サービスその他,TOPIX Small 1,1,74,1,-1.0,-1.0,-1.0,-1.0,-1.0,-1.0,234
8897,ＭＩＲＡＲＴＨホールディングス,プライム,不動産業,不動産,TOPIX Small 1,1,74,2,-1.0,-1.0,-1.0,-1.0,-1.0,-1.0,235
8923,トーセイ,プライム,不動産業,不動産,TOPIX Small 1,1,74,2,-1.0,-1.0,-1.0,-1.0,-1.0,-1.0,235
9716,乃村工藝社,プライム,サービス業,情報通信・サービスその他,TOPIX Small 1,1,75,-1,-1.0,-1.0,-1.0,-1.0,-1.0,-1.0,236
9743,丹青社,プライム,サービス業,情報通信・サービスその他,TOPIX Small 1,1,75,-1,-1.0,-1.0,-1.0,-1.0,-1.0,-1.0,236
2168,パソナグループ,プライム,サービス業,情報通信・サービスその他,TOPIX Small 1,1,76,-1,-1.0,-1.0,-1.0,-1.0,-1.0,-1.0,237
2181,パーソルホールディングス,プライム,サービス業,情報通信・サービスその他,TOPIX Mid400,1,76,-1,-1.0,-1.0,-1.0,-1.0,-1.0,-1.0,237
8876,リログループ,プライム,サービス業,情報通信・サービスその他,TOPIX Mid400,1,76,-1,-1.0,-1.0,-1.0,-1.0,-1.0,-1.0,237
4063,信越化学工業,プライム,化学,素材・化学,TOPIX Core30,1,77,1,-1.0,-1.0,-1.0,-1.0,-1.0,-1.0,238
4186,東京応化工業,プライム,化学,素材・化学,TOPIX Mid400,1,77,1,-1.0,-1.0,-1.0,-1.0,-1.0,-1.0,238
5384,フジミインコーポレーテッド,プライム,ガラス･土石製品,建設・資材,TOPIX Small 1,1,77,1,-1.0,-1.0,-1.0,-1.0,-1.0,-1.0,238
4203,住友ベークライト,プライム,化学,素材・化学,TOPIX Mid400,1,77,2,-1.0,-1.0,-1.0,-1.0,-1.0,-1.0,239
6988,日東電工,プライム,化学,素材・化学,TOPIX Mid400,1,77,2,-1.0,-1.0,-1.0,-1.0,-1.0,-1.0,239
3387,クリエイト・レストランツ・ホールディングス,プライム,小売業,小売,TOPIX Small 1,1,78,1,-1.0,-1.0,-1.0,-1.0,-1.0,-1.0,240
3397,トリドールホールディングス,プライム,小売業,小売,TOPIX Mid400,1,78,1,-1.0,-1.0,-1.0,-1.0,-1.0,-1.0,240
7616,コロワイド,プライム,小売業,小売,TOPIX Mid400,1,78,1,-1.0,-1.0,-1.0,-1.0,-1.0,-1.0,240
1766,東建コーポレーション,プライム,建設業,建設・資材,TOPIX Small 1,1,78,2,1.0,-1.0,-1.0,-1.0,-1.0,-1.0,241
2695,くら寿司,プライム,小売業,小売,TOPIX Small 1,1,78,2,1.0,-1.0,-1.0,-1.0,-1.0,-1.0,241
4825,ウェザーニューズ,プライム,情報･通信業,情報通信・サービスその他,TOPIX Small 1,1,78,2,1.0,-1.0,-1.0,-1.0,-1.0,-1.0,241
8153,モスフードサービス,プライム,卸売業,商社・卸売,TOPIX Small 1,1,78,2,1.0,-1.0,-1.0,-1.0,-1.0,-1.0,241
3028,アルペン,プライム,小売業,小売,TOPIX Small 1,1,78,2,2.0,-1.0,-1.0,-1.0,-1.0,-1.0,242
3087,ドトール・日レスホールディングス,プライム,小売業,小売,TOPIX Small 1,1,78,2,2.0,-1.0,-1.0,-1.0,-1.0,-1.0,242
7421,カッパ・クリエイト,プライム,小売業,小売,TOPIX Small 1,1,78,2,2.0,-1.0,-1.0,-1.0,-1.0,-1.0,242
8160,木曽路,プライム,小売業,小売,TOPIX Small 1,1,78,2,2.0,-1.0,-1.0,-1.0,-1.0,-1.0,242
8281,ゼビオホールディングス,プライム,小売業,小売,TOPIX Small 1,1,78,2,2.0,-1.0,-1.0,-1.0,-1.0,-1.0,242
9828,Ｇｅｎｋｉ　Ｇｌｏｂａｌ　Ｄｉｎｉｎｇ　Ｃｏｎｃｅｐｔｓ,スタンダード,小売業,小売,TOPIX Small 1,1,78,2,2.0,-1.0,-1.0,-1.0,-1.0,-1.0,242
2433,博報堂ＤＹホールディングス,プライム,サービス業,情報通信・サービスその他,TOPIX Mid400,1,79,-1,-1.0,-1.0,-1.0,-1.0,-1.0,-1.0,243
4324,電通グループ,プライム,サービス業,情報通信・サービスその他,TOPIX Mid400,1,79,-1,-1.0,-1.0,-1.0,-1.0,-1.0,-1.0,243
4676,フジ・メディア・ホールディングス,プライム,情報･通信業,情報通信・サービスその他,TOPIX Mid400,1,80,-1,-1.0,-1.0,-1.0,-1.0,-1.0,-1.0,244
7860,エイベックス,プライム,情報･通信業,情報通信・サービスその他,TOPIX Small 1,1,80,-1,-1.0,-1.0,-1.0,-1.0,-1.0,-1.0,244
9401,ＴＢＳホールディングス,プライム,情報･通信業,情報通信・サービスその他,TOPIX Mid400,1,80,-1,-1.0,-1.0,-1.0,-1.0,-1.0,-1.0,244
9404,日本テレビホールディングス,プライム,情報･通信業,情報通信・サービスその他,TOPIX Mid400,1,80,-1,-1.0,-1.0,-1.0,-1.0,-1.0,-1.0,244
9409,テレビ朝日ホールディングス,プライム,情報･通信業,情報通信・サービスその他,TOPIX Small 1,1,80,-1,-1.0,-1.0,-1.0,-1.0,-1.0,-1.0,244
9412,スカパーＪＳＡＴホールディングス,プライム,情報･通信業,情報通信・サービスその他,TOPIX Small 1,1,80,-1,-1.0,-1.0,-1.0,-1.0,-1.0,-1.0,244
9413,テレビ東京ホールディングス,プライム,情報･通信業,情報通信・サービスその他,TOPIX Small 1,1,80,-1,-1.0,-1.0,-1.0,-1.0,-1.0,-1.0,244
1852,淺沼組,プライム,建設業,建設・資材,TOPIX Small 1,1,81,1,-1.0,-1.0,-1.0,-1.0,-1.0,-1.0,245
1898,世紀東急工業,プライム,建設業,建設・資材,TOPIX Small 1,1,81,1,-1.0,-1.0,-1.0,-1.0,-1.0,-1.0,245
3431,宮地エンジニアリンググループ,プライム,金属製品,建設・資材,TOPIX Small 1,1,81,1,-1.0,-1.0,-1.0,-1.0,-1.0,-1.0,245
5805,ＳＷＣＣ,プライム,非鉄金属,鉄鋼・非鉄,TOPIX Small 1,1,81,1,-1.0,-1.0,-1.0,-1.0,-1.0,-1.0,245
1820,西松建設,プライム,建設業,建設・資材,TOPIX Mid400,1,81,2,-1.0,-1.0,-1.0,-1.0,-1.0,-1.0,246
1861,熊谷組,プライム,建設業,建設・資材,TOPIX Small 1,1,81,2,1.0,-1.0,-1.0,-1.0,-1.0,-1.0,247
1885,東亜建設工業,プライム,建設業,建設・資材,TOPIX Small 1,1,81,2,1.0,-1.0,-1.0,-1.0,-1.0,-1.0,247
1719,安藤・間,プライム,建設業,建設・資材,TOPIX Small 1,1,81,2,2.0,1.0,-1.0,-1.0,-1.0,-1.0,248
1808,長谷工コーポレーション,プライム,建設業,建設・資材,TOPIX Mid400,1,81,2,2.0,1.0,-1.0,-1.0,-1.0,-1.0,248
1720,東急建設,プライム,建設業,建設・資材,TOPIX Small 1,1,81,2,2.0,2.0,-1.0,-1.0,-1.0,-1.0,249
1821,三井住友建設,プライム,建設業,建設・資材,TOPIX Small 1,1,81,2,2.0,2.0,-1.0,-1.0,-1.0,-1.0,249
4061,デンカ,プライム,化学,素材・化学,TOPIX Mid400,1,82,-1,-1.0,-1.0,-1.0,-1.0,-1.0,-1.0,250
4118,カネカ,プライム,化学,素材・化学,TOPIX Mid400,1,82,-1,-1.0,-1.0,-1.0,-1.0,-1.0,-1.0,250
4996,クミアイ化学工業,プライム,化学,素材・化学,TOPIX Small 1,1,83,1,-1.0,-1.0,-1.0,-1.0,-1.0,-1.0,251
7972,イトーキ,プライム,その他製品,情報通信・サービスその他,TOPIX Small 1,1,83,1,-1.0,-1.0,-1.0,-1.0,-1.0,-1.0,251
8386,百十四銀行,プライム,銀行業,銀行,TOPIX Small 1,1,83,1,-1.0,-1.0,-1.0,-1.0,-1.0,-1.0,251
8336,武蔵野銀行,プライム,銀行業,銀行,TOPIX Small 1,1,83,2,1.0,-1.0,-1.0,-1.0,-1.0,-1.0,252
8337,千葉興業銀行,プライム,銀行業,銀行,TOPIX Small 1,1,83,2,1.0,-1.0,-1.0,-1.0,-1.0,-1.0,252
8368,百五銀行,プライム,銀行業,銀行,TOPIX Small 1,1,83,2,2.0,-1.0,-1.0,-1.0,-1.0,-1.0,253
8522,名古屋銀行,プライム,銀行業,銀行,TOPIX Small 1,1,83,2,2.0,-1.0,-1.0,-1.0,-1.0,-1.0,253
8600,トモニホールディングス,プライム,銀行業,銀行,TOPIX Small 1,1,83,2,2.0,-1.0,-1.0,-1.0,-1.0,-1.0,253
4044,セントラル硝子,プライム,化学,素材・化学,TOPIX Small 1,1,84,-1,-1.0,-1.0,-1.0,-1.0,-1.0,-1.0,254
5201,ＡＧＣ,プライム,ガラス･土石製品,建設・資材,TOPIX Mid400,1,84,-1,-1.0,-1.0,-1.0,-1.0,-1.0,-1.0,254
5214,日本電気硝子,プライム,ガラス･土石製品,建設・資材,TOPIX Mid400,1,84,-1,-1.0,-1.0,-1.0,-1.0,-1.0,-1.0,254
8595,ジャフコ　グループ,プライム,証券･商品先物取引業,金融（除く銀行）,TOPIX Mid400,1,85,1,-1.0,-1.0,-1.0,-1.0,-1.0,-1.0,255
8601,大和証券グループ本社,プライム,証券･商品先物取引業,金融（除く銀行）,TOPIX Mid400,1,85,1,-1.0,-1.0,-1.0,-1.0,-1.0,-1.0,255
8604,野村ホールディングス,プライム,証券･商品先物取引業,金融（除く銀行）,TOPIX Large70,1,85,1,-1.0,-1.0,-1.0,-1.0,-1.0,-1.0,255
8697,日本取引所グループ,プライム,その他金融業,金融（除く銀行）,TOPIX Large70,1,85,1,-1.0,-1.0,-1.0,-1.0,-1.0,-1.0,255
8473,ＳＢＩホールディングス,プライム,証券･商品先物取引業,金融（除く銀行）,TOPIX Mid400,1,85,2,1.0,-1.0,-1.0,-1.0,-1.0,-1.0,256
9672,東京都競馬,プライム,サービス業,情報通信・サービスその他,TOPIX Small 1,1,85,2,1.0,-1.0,-1.0,-1.0,-1.0,-1.0,256
8628,松井証券,プライム,証券･商品先物取引業,金融（除く銀行）,TOPIX Small 1,1,85,2,2.0,-1.0,-1.0,-1.0,-1.0,-1.0,257
8698,マネックスグループ,プライム,証券･商品先物取引業,金融（除く銀行）,TOPIX Small 1,1,85,2,2.0,-1.0,-1.0,-1.0,-1.0,-1.0,257
7846,パイロットコーポレーション,プライム,その他製品,情報通信・サービスその他,TOPIX Mid400,1,86,-1,-1.0,-1.0,-1.0,-1.0,-1.0,-1.0,258
7976,三菱鉛筆,プライム,その他製品,情報通信・サービスその他,TOPIX Small 1,1,86,-1,-1.0,-1.0,-1.0,-1.0,-1.0,-1.0,258
1417,ミライト・ワン,プライム,建設業,建設・資材,TOPIX Mid400,1,87,-1,-1.0,-1.0,-1.0,-1.0,-1.0,-1.0,259
1721,コムシスホールディングス,プライム,建設業,建設・資材,TOPIX Mid400,1,87,-1,-1.0,-1.0,-1.0,-1.0,-1.0,-1.0,259
1951,エクシオグループ,プライム,建設業,建設・資材,TOPIX Mid400,1,87,-1,-1.0,-1.0,-1.0,-1.0,-1.0,-1.0,259
3050,ＤＣＭホールディングス,プライム,小売業,小売,TOPIX Small 1,1,88,1,-1.0,-1.0,-1.0,-1.0,-1.0,-1.0,260
8218,コメリ,プライム,小売業,小売,TOPIX Small 1,1,88,1,-1.0,-1.0,-1.0,-1.0,-1.0,-1.0,260
9842,アークランズ,プライム,小売業,小売,TOPIX Small 1,1,88,1,-1.0,-1.0,-1.0,-1.0,-1.0,-1.0,260
3107,ダイワボウホールディングス,プライム,卸売業,商社・卸売,TOPIX Mid400,1,88,2,-1.0,-1.0,-1.0,-1.0,-1.0,-1.0,261
7516,コーナン商事,プライム,小売業,小売,TOPIX Small 1,1,88,2,-1.0,-1.0,-1.0,-1.0,-1.0,-1.0,261
6651,日東工業,プライム,電気機器,電機・精密,TOPIX Small 1,1,89,1,-1.0,-1.0,-1.0,-1.0,-1.0,-1.0,262
9934,因幡電機産業,プライム,卸売業,商社・卸売,TOPIX Mid400,1,89,1,-1.0,-1.0,-1.0,-1.0,-1.0,-1.0,262
1979,大氣社,プライム,建設業,建設・資材,TOPIX Small 1,1,89,2,-1.0,-1.0,-1.0,-1.0,-1.0,-1.0,263
1942,関電工,プライム,建設業,建設・資材,TOPIX Mid400,1,89,2,1.0,-1.0,-1.0,-1.0,-1.0,-1.0,264
1959,九電工,プライム,建設業,建設・資材,TOPIX Mid400,1,89,2,1.0,-1.0,-1.0,-1.0,-1.0,-1.0,264
1944,きんでん,プライム,建設業,建設・資材,TOPIX Mid400,1,89,2,2.0,-1.0,-1.0,-1.0,-1.0,-1.0,265
1949,住友電設,プライム,建設業,建設・資材,TOPIX Small 1,1,89,2,2.0,-1.0,-1.0,-1.0,-1.0,-1.0,265
2264,森永乳業,プライム,食料品,食品,TOPIX Mid400,1,90,1,-1.0,-1.0,-1.0,-1.0,-1.0,-1.0,266
2270,雪印メグミルク,プライム,食料品,食品,TOPIX Small 1,1,90,1,-1.0,-1.0,-1.0,-1.0,-1.0,-1.0,266
9432,日本電信電話,プライム,情報･通信業,情報通信・サービスその他,TOPIX Core30,1,90,2,-1.0,-1.0,-1.0,-1.0,-1.0,-1.0,267
9433,ＫＤＤＩ,プライム,情報･通信業,情報通信・サービスその他,TOPIX Core30,1,90,2,-1.0,-1.0,-1.0,-1.0,-1.0,-1.0,267
5019,出光興産,プライム,石油･石炭製品,エネルギー資源,TOPIX Mid400,1,91,-1,-1.0,-1.0,-1.0,-1.0,-1.0,-1.0,268
5020,ＥＮＥＯＳホールディングス,プライム,石油･石炭製品,エネルギー資源,TOPIX Large70,1,91,-1,-1.0,-1.0,-1.0,-1.0,-1.0,-1.0,268
5021,コスモエネルギーホールディングス,プライム,石油･石炭製品,エネルギー資源,TOPIX Mid400,1,91,-1,-1.0,-1.0,-1.0,-1.0,-1.0,-1.0,268
8133,伊藤忠エネクス,プライム,卸売業,商社・卸売,TOPIX Small 1,1,91,-1,-1.0,-1.0,-1.0,-1.0,-1.0,-1.0,268
7203,トヨタ自動車,プライム,輸送用機器,自動車・輸送機,TOPIX Core30,1,92,-1,-1.0,-1.0,-1.0,-1.0,-1.0,-1.0,269
7267,本田技研工業,プライム,輸送用機器,自動車・輸送機,TOPIX Core30,1,92,-1,-1.0,-1.0,-1.0,-1.0,-1.0,-1.0,269
8008,ヨンドシーホールディングス,プライム,小売業,小売,TOPIX Small 1,1,93,1,1.0,-1.0,-1.0,-1.0,-1.0,-1.0,270
8278,フジ,プライム,小売業,小売,TOPIX Small 1,1,93,1,1.0,-1.0,-1.0,-1.0,-1.0,-1.0,270
5192,三ツ星ベルト,プライム,ゴム製品,自動車・輸送機,TOPIX Small 1,1,93,1,2.0,-1.0,-1.0,-1.0,-1.0,-1.0,271
8057,内田洋行,プライム,卸売業,商社・卸売,TOPIX Small 1,1,93,1,2.0,-1.0,-1.0,-1.0,-1.0,-1.0,271
8097,三愛オブリ,プライム,卸売業,商社・卸売,TOPIX Small 1,1,93,1,2.0,-1.0,-1.0,-1.0,-1.0,-1.0,271
8173,上新電機,プライム,小売業,小売,TOPIX Small 1,1,93,1,2.0,-1.0,-1.0,-1.0,-1.0,-1.0,271
9997,ベルーナ,プライム,小売業,小売,TOPIX Small 1,1,93,1,2.0,-1.0,-1.0,-1.0,-1.0,-1.0,271
8276,平和堂,プライム,小売業,小売,TOPIX Small 1,1,93,2,-1.0,-1.0,-1.0,-1.0,-1.0,-1.0,272
8279,ヤオコー,プライム,小売業,小売,TOPIX Mid400,1,93,2,-1.0,-1.0,-1.0,-1.0,-1.0,-1.0,272
8194,ライフコーポレーション,プライム,小売業,小売,TOPIX Small 1,1,93,2,1.0,-1.0,-1.0,-1.0,-1.0,-1.0,273
9974,ベルク,プライム,小売業,小売,TOPIX Small 1,1,93,2,1.0,-1.0,-1.0,-1.0,-1.0,-1.0,273
2659,サンエー,プライム,小売業,小売,TOPIX Small 1,1,93,2,2.0,-1.0,-1.0,-1.0,-1.0,-1.0,274
8273,イズミ,プライム,小売業,小売,TOPIX Mid400,1,93,2,2.0,-1.0,-1.0,-1.0,-1.0,-1.0,274
9948,アークス,プライム,小売業,小売,TOPIX Small 1,1,93,2,2.0,-1.0,-1.0,-1.0,-1.0,-1.0,274
9956,バローホールディングス,プライム,小売業,小売,TOPIX Small 1,1,93,2,2.0,-1.0,-1.0,-1.0,-1.0,-1.0,274
1941,中電工,プライム,建設業,建設・資材,TOPIX Small 1,1,94,-1,-1.0,-1.0,-1.0,-1.0,-1.0,-1.0,275
1961,三機工業,プライム,建設業,建設・資材,TOPIX Small 1,1,94,-1,-1.0,-1.0,-1.0,-1.0,-1.0,-1.0,275
1969,高砂熱学工業,プライム,建設業,建設・資材,TOPIX Mid400,1,94,-1,-1.0,-1.0,-1.0,-1.0,-1.0,-1.0,275
5101,横浜ゴム,プライム,ゴム製品,自動車・輸送機,TOPIX Mid400,1,95,-1,-1.0,-1.0,-1.0,-1.0,-1.0,-1.0,276
5105,ＴＯＹＯ　ＴＩＲＥ,プライム,ゴム製品,自動車・輸送機,TOPIX Mid400,1,95,-1,-1.0,-1.0,-1.0,-1.0,-1.0,-1.0,276
5108,ブリヂストン,プライム,ゴム製品,自動車・輸送機,TOPIX Large70,1,95,-1,-1.0,-1.0,-1.0,-1.0,-1.0,-1.0,276
5110,住友ゴム工業,プライム,ゴム製品,自動車・輸送機,TOPIX Mid400,1,95,-1,-1.0,-1.0,-1.0,-1.0,-1.0,-1.0,276
6301,小松製作所,プライム,機械,機械,TOPIX Large70,1,96,-1,-1.0,-1.0,-1.0,-1.0,-1.0,-1.0,277
6305,日立建機,プライム,機械,機械,TOPIX Mid400,1,96,-1,-1.0,-1.0,-1.0,-1.0,-1.0,-1.0,277
6326,クボタ,プライム,機械,機械,TOPIX Large70,1,96,-1,-1.0,-1.0,-1.0,-1.0,-1.0,-1.0,277
6395,タダノ,プライム,機械,機械,TOPIX Mid400,1,96,-1,-1.0,-1.0,-1.0,-1.0,-1.0,-1.0,277
8253,クレディセゾン,プライム,その他金融業,金融（除く銀行）,TOPIX Mid400,1,97,-1,-1.0,-1.0,-1.0,-1.0,-1.0,-1.0,278
8570,イオンフィナンシャルサービス,プライム,その他金融業,金融（除く銀行）,TOPIX Mid400,1,97,-1,-1.0,-1.0,-1.0,-1.0,-1.0,-1.0,278
8511,日本証券金融,プライム,その他金融業,金融（除く銀行）,TOPIX Small 1,1,98,-1,-1.0,-1.0,-1.0,-1.0,-1.0,-1.0,279
8609,岡三証券グループ,プライム,証券･商品先物取引業,金融（除く銀行）,TOPIX Small 1,1,98,1,-1.0,-1.0,-1.0,-1.0,-1.0,-1.0,280
8616,東海東京フィナンシャル・ホールディングス,プライム,証券･商品先物取引業,金融（除く銀行）,TOPIX Small 1,1,98,1,-1.0,-1.0,-1.0,-1.0,-1.0,-1.0,280
8613,丸三証券,プライム,証券･商品先物取引業,金融（除く銀行）,TOPIX Small 1,1,98,2,-1.0,-1.0,-1.0,-1.0,-1.0,-1.0,281
8706,極東証券,プライム,証券･商品先物取引業,金融（除く銀行）,TOPIX Small 1,1,98,2,-1.0,-1.0,-1.0,-1.0,-1.0,-1.0,281
9101,日本郵船,プライム,海運業,運輸・物流,TOPIX Large70,1,99,-1,-1.0,-1.0,-1.0,-1.0,-1.0,-1.0,282
9104,商船三井,プライム,海運業,運輸・物流,TOPIX Large70,1,99,-1,-1.0,-1.0,-1.0,-1.0,-1.0,-1.0,282
9107,川崎汽船,プライム,海運業,運輸・物流,TOPIX Mid400,1,99,-1,-1.0,-1.0,-1.0,-1.0,-1.0,-1.0,282
5351,品川リフラクトリーズ,プライム,ガラス･土石製品,建設・資材,TOPIX Small 1,1,100,-1,-1.0,-1.0,-1.0,-1.0,-1.0,-1.0,283
5352,黒崎播磨,プライム,ガラス･土石製品,建設・資材,TOPIX Small 1,1,100,-1,-1.0,-1.0,-1.0,-1.0,-1.0,-1.0,283
7721,東京計器,プライム,精密機器,電機・精密,TOPIX Small 1,1,100,-1,-1.0,-1.0,-1.0,-1.0,-1.0,-1.0,283
5334,日本特殊陶業,プライム,ガラス･土石製品,建設・資材,TOPIX Mid400,1,101,1,-1.0,-1.0,-1.0,-1.0,-1.0,-1.0,284
5802,住友電気工業,プライム,非鉄金属,鉄鋼・非鉄,TOPIX Large70,1,101,1,-1.0,-1.0,-1.0,-1.0,-1.0,-1.0,284
6201,豊田自動織機,プライム,輸送用機器,自動車・輸送機,TOPIX Mid400,1,101,1,-1.0,-1.0,-1.0,-1.0,-1.0,-1.0,284
6592,マブチモーター,プライム,電気機器,電機・精密,TOPIX Mid400,1,101,1,-1.0,-1.0,-1.0,-1.0,-1.0,-1.0,284
6902,デンソー,プライム,輸送用機器,自動車・輸送機,TOPIX Large70,1,101,1,-1.0,-1.0,-1.0,-1.0,-1.0,-1.0,284
6923,スタンレー電気,プライム,電気機器,電機・精密,TOPIX Mid400,1,101,2,-1.0,-1.0,-1.0,-1.0,-1.0,-1.0,285
7276,小糸製作所,プライム,電気機器,電機・精密,TOPIX Mid400,1,101,2,-1.0,-1.0,-1.0,-1.0,-1.0,-1.0,285
7988,ニフコ,プライム,化学,素材・化学,TOPIX Mid400,1,101,2,-1.0,-1.0,-1.0,-1.0,-1.0,-1.0,285
5929,三和ホールディングス,プライム,金属製品,建設・資材,TOPIX Mid400,1,102,-1,-1.0,-1.0,-1.0,-1.0,-1.0,-1.0,286
5938,ＬＩＸＩＬ,プライム,金属製品,建設・資材,TOPIX Mid400,1,102,-1,-1.0,-1.0,-1.0,-1.0,-1.0,-1.0,286
4078,堺化学工業,プライム,化学,素材・化学,TOPIX Small 1,1,103,1,1.0,-1.0,-1.0,-1.0,-1.0,-1.0,287
4216,旭有機材,プライム,化学,素材・化学,TOPIX Small 1,1,103,1,1.0,-1.0,-1.0,-1.0,-1.0,-1.0,287
5331,ノリタケ,プライム,ガラス･土石製品,建設・資材,TOPIX Small 1,1,103,1,1.0,-1.0,-1.0,-1.0,-1.0,-1.0,287
6866,日置電機,プライム,電気機器,電機・精密,TOPIX Small 1,1,103,1,1.0,-1.0,-1.0,-1.0,-1.0,-1.0,287
6368,オルガノ,プライム,機械,機械,TOPIX Small 1,1,103,1,2.0,1.0,-1.0,-1.0,-1.0,-1.0,288
6454,マックス,プライム,機械,機械,TOPIX Small 1,1,103,1,2.0,1.0,-1.0,-1.0,-1.0,-1.0,288
6490,ＰＩＬＬＡＲ,プライム,機械,機械,TOPIX Small 1,1,103,1,2.0,2.0,-1.0,-1.0,-1.0,-1.0,289
7995,バルカー,プライム,化学,素材・化学,TOPIX Small 1,1,103,1,2.0,2.0,-1.0,-1.0,-1.0,-1.0,289
7739,キヤノン電子,プライム,電気機器,電機・精密,TOPIX Small 1,1,103,2,-1.0,-1.0,-1.0,-1.0,-1.0,-1.0,290
6287,サトー,プライム,機械,機械,TOPIX Small 1,1,103,2,1.0,-1.0,-1.0,-1.0,-1.0,-1.0,291
6448,ブラザー工業,プライム,電気機器,電機・精密,TOPIX Mid400,1,103,2,1.0,-1.0,-1.0,-1.0,-1.0,-1.0,291
6588,東芝テック,プライム,電気機器,電機・精密,TOPIX Small 1,1,103,2,1.0,-1.0,-1.0,-1.0,-1.0,-1.0,291
6724,セイコーエプソン,プライム,電気機器,電機・精密,TOPIX Mid400,1,103,2,1.0,-1.0,-1.0,-1.0,-1.0,-1.0,291
7731,ニコン,プライム,精密機器,電機・精密,TOPIX Mid400,1,103,2,2.0,-1.0,-1.0,-1.0,-1.0,-1.0,292
7751,キヤノン,プライム,電気機器,電機・精密,TOPIX Large70,1,103,2,2.0,-1.0,-1.0,-1.0,-1.0,-1.0,292
2730,エディオン,プライム,小売業,小売,TOPIX Small 1,1,104,-1,-1.0,-1.0,-1.0,-1.0,-1.0,-1.0,293
3048,ビックカメラ,プライム,小売業,小売,TOPIX Mid400,1,104,-1,-1.0,-1.0,-1.0,-1.0,-1.0,-1.0,293
7513,コジマ,プライム,小売業,小売,TOPIX Small 1,1,104,-1,-1.0,-1.0,-1.0,-1.0,-1.0,-1.0,293
8282,ケーズホールディングス,プライム,小売業,小売,TOPIX Mid400,1,104,-1,-1.0,-1.0,-1.0,-1.0,-1.0,-1.0,293
9831,ヤマダホールディングス,プライム,小売業,小売,TOPIX Mid400,1,104,-1,-1.0,-1.0,-1.0,-1.0,-1.0,-1.0,293
4151,協和キリン,プライム,医薬品,医薬品,TOPIX Mid400,1,105,-1,-1.0,-1.0,-1.0,-1.0,-1.0,-1.0,294
4507,塩野義製薬,プライム,医薬品,医薬品,TOPIX Large70,1,105,-1,-1.0,-1.0,-1.0,-1.0,-1.0,-1.0,294
4519,中外製薬,プライム,医薬品,医薬品,TOPIX Large70,1,105,-1,-1.0,-1.0,-1.0,-1.0,-1.0,-1.0,294
4523,エーザイ,プライム,医薬品,医薬品,TOPIX Large70,1,105,-1,-1.0,-1.0,-1.0,-1.0,-1.0,-1.0,294
2432,ディー・エヌ・エー,プライム,サービス業,情報通信・サービスその他,TOPIX Mid400,1,106,-1,-1.0,-1.0,-1.0,-1.0,-1.0,-1.0,295
3632,グリーホールディングス,プライム,情報･通信業,情報通信・サービスその他,TOPIX Small 1,1,106,-1,-1.0,-1.0,-1.0,-1.0,-1.0,-1.0,295
9832,オートバックスセブン,プライム,卸売業,商社・卸売,TOPIX Small 1,1,107,-1,-1.0,-1.0,-1.0,-1.0,-1.0,-1.0,296
9882,イエローハット,プライム,卸売業,商社・卸売,TOPIX Small 1,1,107,-1,-1.0,-1.0,-1.0,-1.0,-1.0,-1.0,296
7911,ＴＯＰＰＡＮホールディングス,プライム,その他製品,情報通信・サービスその他,TOPIX Mid400,1,108,-1,-1.0,-1.0,-1.0,-1.0,-1.0,-1.0,297
7912,大日本印刷,プライム,その他製品,情報通信・サービスその他,TOPIX Mid400,1,108,-1,-1.0,-1.0,-1.0,-1.0,-1.0,-1.0,297
9110,ＮＳユナイテッド海運,プライム,海運業,運輸・物流,TOPIX Small 1,1,109,-1,-1.0,-1.0,-1.0,-1.0,-1.0,-1.0,298
9119,飯野海運,プライム,海運業,運輸・物流,TOPIX Small 1,1,109,-1,-1.0,-1.0,-1.0,-1.0,-1.0,-1.0,298
7201,日産自動車,プライム,輸送用機器,自動車・輸送機,TOPIX Large70,1,110,-1,-1.0,-1.0,-1.0,-1.0,-1.0,-1.0,299
7211,三菱自動車工業,プライム,輸送用機器,自動車・輸送機,TOPIX Mid400,1,110,-1,-1.0,-1.0,-1.0,-1.0,-1.0,-1.0,299
7261,マツダ,プライム,輸送用機器,自動車・輸送機,TOPIX Mid400,1,110,-1,-1.0,-1.0,-1.0,-1.0,-1.0,-1.0,299
7270,ＳＵＢＡＲＵ,プライム,輸送用機器,自動車・輸送機,TOPIX Large70,1,110,-1,-1.0,-1.0,-1.0,-1.0,-1.0,-1.0,299
3382,セブン＆アイ・ホールディングス,プライム,小売業,小売,TOPIX Core30,1,111,1,-1.0,-1.0,-1.0,-1.0,-1.0,-1.0,300
8267,イオン,プライム,小売業,小売,TOPIX Large70,1,111,1,-1.0,-1.0,-1.0,-1.0,-1.0,-1.0,300
9201,日本航空,プライム,空運業,運輸・物流,TOPIX Mid400,1,111,2,-1.0,-1.0,-1.0,-1.0,-1.0,-1.0,301
9202,ＡＮＡホールディングス,プライム,空運業,運輸・物流,TOPIX Large70,1,111,2,-1.0,-1.0,-1.0,-1.0,-1.0,-1.0,301
1963,日揮ホールディングス,プライム,建設業,建設・資材,TOPIX Mid400,1,112,1,-1.0,-1.0,-1.0,-1.0,-1.0,-1.0,302
6269,三井海洋開発,プライム,機械,機械,TOPIX Small 1,1,112,1,-1.0,-1.0,-1.0,-1.0,-1.0,-1.0,302
7003,三井Ｅ＆Ｓ,プライム,機械,機械,TOPIX Small 1,1,112,1,-1.0,-1.0,-1.0,-1.0,-1.0,-1.0,302
7013,ＩＨＩ,プライム,機械,機械,TOPIX Mid400,1,112,2,-1.0,-1.0,-1.0,-1.0,-1.0,-1.0,303
7011,三菱重工業,プライム,機械,機械,TOPIX Core30,1,112,2,1.0,-1.0,-1.0,-1.0,-1.0,-1.0,304
7936,アシックス,プライム,その他製品,情報通信・サービスその他,TOPIX Mid400,1,112,2,1.0,-1.0,-1.0,-1.0,-1.0,-1.0,304
7012,川崎重工業,プライム,輸送用機器,自動車・輸送機,TOPIX Mid400,1,112,2,2.0,-1.0,-1.0,-1.0,-1.0,-1.0,305
7224,新明和工業,プライム,輸送用機器,自動車・輸送機,TOPIX Small 1,1,112,2,2.0,-1.0,-1.0,-1.0,-1.0,-1.0,305
2379,ディップ,プライム,サービス業,情報通信・サービスその他,TOPIX Small 1,1,113,-1,-1.0,-1.0,-1.0,-1.0,-1.0,-1.0,306
3660,アイスタイル,プライム,情報･通信業,情報通信・サービスその他,TOPIX Small 1,1,113,-1,-1.0,-1.0,-1.0,-1.0,-1.0,-1.0,306
2685,アダストリア,プライム,小売業,小売,TOPIX Small 1,1,114,1,-1.0,-1.0,-1.0,-1.0,-1.0,-1.0,307
2726,パルグループホールディングス,プライム,小売業,小売,TOPIX Small 1,1,114,1,-1.0,-1.0,-1.0,-1.0,-1.0,-1.0,307
7606,ユナイテッドアローズ,プライム,小売業,小売,TOPIX Small 1,1,114,1,-1.0,-1.0,-1.0,-1.0,-1.0,-1.0,307
7552,ハピネット,プライム,卸売業,商社・卸売,TOPIX Small 1,1,114,2,-1.0,-1.0,-1.0,-1.0,-1.0,-1.0,308
7867,タカラトミー,プライム,その他製品,情報通信・サービスその他,TOPIX Mid400,1,114,2,-1.0,-1.0,-1.0,-1.0,-1.0,-1.0,308
5232,住友大阪セメント,プライム,ガラス･土石製品,建設・資材,TOPIX Mid400,1,115,-1,-1.0,-1.0,-1.0,-1.0,-1.0,-1.0,309
5233,太平洋セメント,プライム,ガラス･土石製品,建設・資材,TOPIX Mid400,1,115,-1,-1.0,-1.0,-1.0,-1.0,-1.0,-1.0,309
6737,ＥＩＺＯ,プライム,電気機器,電機・精密,TOPIX Small 1,1,115,-1,-1.0,-1.0,-1.0,-1.0,-1.0,-1.0,309
6701,日本電気,プライム,電気機器,電機・精密,TOPIX Large70,1,116,-1,-1.0,-1.0,-1.0,-1.0,-1.0,-1.0,310
6702,富士通,プライム,電気機器,電機・精密,TOPIX Large70,1,116,-1,-1.0,-1.0,-1.0,-1.0,-1.0,-1.0,310
5726,大阪チタニウムテクノロジーズ,プライム,非鉄金属,鉄鋼・非鉄,TOPIX Small 1,1,117,-1,-1.0,-1.0,-1.0,-1.0,-1.0,-1.0,311
5727,東邦チタニウム,プライム,非鉄金属,鉄鋼・非鉄,TOPIX Small 1,1,117,-1,-1.0,-1.0,-1.0,-1.0,-1.0,-1.0,311
8136,サンリオ,プライム,卸売業,商社・卸売,TOPIX Mid400,1,118,-1,-1.0,-1.0,-1.0,-1.0,-1.0,-1.0,312
8214,ＡＯＫＩホールディングス,プライム,小売業,小売,TOPIX Small 1,1,118,-1,-1.0,-1.0,-1.0,-1.0,-1.0,-1.0,312
8219,青山商事,プライム,小売業,小売,TOPIX Small 1,1,118,-1,-1.0,-1.0,-1.0,-1.0,-1.0,-1.0,312
1605,ＩＮＰＥＸ,プライム,鉱業,エネルギー資源,TOPIX Mid400,1,119,-1,-1.0,-1.0,-1.0,-1.0,-1.0,-1.0,313
1662,石油資源開発,プライム,鉱業,エネルギー資源,TOPIX Small 1,1,119,-1,-1.0,-1.0,-1.0,-1.0,-1.0,-1.0,313
3201,日本毛織,プライム,繊維製品,素材・化学,TOPIX Small 1,1,120,-1,-1.0,-1.0,-1.0,-1.0,-1.0,-1.0,314
4046,大阪ソーダ,プライム,化学,素材・化学,TOPIX Small 1,1,120,1,-1.0,-1.0,-1.0,-1.0,-1.0,-1.0,315
4212,積水樹脂,プライム,化学,素材・化学,TOPIX Small 1,1,120,1,-1.0,-1.0,-1.0,-1.0,-1.0,-1.0,315
4958,長谷川香料,プライム,化学,素材・化学,TOPIX Small 1,1,120,1,-1.0,-1.0,-1.0,-1.0,-1.0,-1.0,315
5930,文化シヤッター,プライム,金属製品,建設・資材,TOPIX Small 1,1,120,2,-1.0,-1.0,-1.0,-1.0,-1.0,-1.0,316
5943,ノーリツ,プライム,金属製品,建設・資材,TOPIX Small 1,1,120,2,-1.0,-1.0,-1.0,-1.0,-1.0,-1.0,316
7981,タカラスタンダード,プライム,その他製品,情報通信・サービスその他,TOPIX Small 1,1,120,2,-1.0,-1.0,-1.0,-1.0,-1.0,-1.0,316
8130,サンゲツ,プライム,卸売業,商社・卸売,TOPIX Small 1,1,120,2,-1.0,-1.0,-1.0,-1.0,-1.0,-1.0,316
6996,ニチコン,プライム,電気機器,電機・精密,TOPIX Small 1,1,121,-1,-1.0,-1.0,-1.0,-1.0,-1.0,-1.0,317
6999,ＫＯＡ,プライム,電気機器,電機・精密,TOPIX Small 1,1,121,-1,-1.0,-1.0,-1.0,-1.0,-1.0,-1.0,317
4021,日産化学,プライム,化学,素材・化学,TOPIX Mid400,1,122,1,-1.0,-1.0,-1.0,-1.0,-1.0,-1.0,318
6841,横河電機,プライム,電気機器,電機・精密,TOPIX Mid400,1,122,1,-1.0,-1.0,-1.0,-1.0,-1.0,-1.0,318
4272,日本化薬,プライム,化学,素材・化学,TOPIX Mid400,1,122,2,-1.0,-1.0,-1.0,-1.0,-1.0,-1.0,319
5901,東洋製罐グループホールディングス,プライム,金属製品,建設・資材,TOPIX Mid400,1,122,2,-1.0,-1.0,-1.0,-1.0,-1.0,-1.0,319
