Code,CompanyName,MarketCodeName,Sector,SubSector
2127,日本Ｍ＆Ａセンターホールディングス,プライム,ITプラットホーム・ゲーム,ITプラットホーム
9744,メイテックグループホールディングス,プライム,ITプラットホーム・ゲーム,ITプラットホーム
2121,ＭＩＸＩ,プライム,ITプラットホーム・ゲーム,ITプラットホーム
2678,アスクル,プライム,ITプラットホーム・ゲーム,ITプラットホーム
3064,ＭｏｎｏｔａＲＯ,プライム,ITプラットホーム・ゲーム,ITプラットホーム
3092,ＺＯＺＯ,プライム,ITプラットホーム・ゲーム,ITプラットホーム
4751,サイバーエージェント,プライム,ITプラットホーム・ゲーム,ITプラットホーム
3769,ＧＭＯペイメントゲートウェイ,プライム,ITプラットホーム・ゲーム,ITプラットホーム
9449,ＧＭＯインターネットグループ,プライム,ITプラットホーム・ゲーム,ITプラットホーム
2379,ディップ,プライム,ITプラットホーム・ゲーム,ITプラットホーム2
3660,アイスタイル,プライム,ITプラットホーム・ゲーム,ITプラットホーム2
3659,ネクソン,プライム,ITプラットホーム・ゲーム,ゲーム
3635,コーエーテクモホールディングス,プライム,ITプラットホーム・ゲーム,ゲーム
9697,カプコン,プライム,ITプラットホーム・ゲーム,ゲーム
7832,バンダイナムコホールディングス,プライム,ITプラットホーム・ゲーム,ゲーム
9684,スクウェア・エニックス・ホールディングス,プライム,ITプラットホーム・ゲーム,ゲーム
9766,コナミグループ,プライム,ITプラットホーム・ゲーム,ゲーム
7943,ニチハ,プライム,IT中堅,ITインフラ・環境
9682,ＤＴＳ,プライム,IT中堅,ITインフラ・環境
9715,トランス・コスモス,プライム,IT中堅,ITインフラ・環境
9759,ＮＳＤ,プライム,IT中堅,ITインフラ・環境
2327,日鉄ソリューションズ,プライム,IT中堅,ITインフラ・環境
9719,ＳＣＳＫ,プライム,IT中堅,ITインフラ・環境
9793,ダイセキ,プライム,IT中堅,ITインフラ・環境
3626,ＴＩＳ,プライム,IT中堅,ITインフラ・環境
8056,ＢＩＰＲＯＧＹ,プライム,IT中堅,ITインフラ・環境
3182,オイシックス・ラ・大地,プライム,IT中堅,IT中堅（DX）
6947,図研,プライム,IT中堅,IT中堅（DX）
9889,ＪＢＣＣホールディングス,プライム,IT中堅,IT中堅（DX）
3661,エムアップホールディングス,プライム,IT中堅,IT中堅（DX）
3673,ブロードリーフ,プライム,IT中堅,IT中堅（DX）
3844,コムチュア,プライム,IT中堅,IT中堅（DX）
4722,フューチャー,プライム,IT中堅,IT中堅（DX）
2170,リンクアンドモチベーション,プライム,IT中堅,IT中堅（業務支援）
4290,プレステージ・インターナショナル,プライム,IT中堅,IT中堅（業務支援）
9757,船井総研ホールディングス,プライム,IT中堅,IT中堅（業務支援）
2317,システナ,プライム,IT中堅,IT中堅（業務支援）
6630,ヤーマン,プライム,IT中堅,IT中堅（業務支援）
8005,スクロール,プライム,IT中堅,IT中堅（業務支援）
7744,ノーリツ鋼機,プライム,IT中堅,IT中堅（業務支援）
9790,福井コンピュータホールディングス,プライム,IT中堅,IT中堅（業務支援）
2326,デジタルアーツ,プライム,IT中堅,IT中堅（業務支援）
4812,電通総研,プライム,IT中堅,IT中堅（業務支援）
3762,テクマトリックス,プライム,IT中堅,IT中堅（業務支援）
3778,さくらインターネット,プライム,IT中堅,IT中堅（業務支援）
4776,サイボウズ,プライム,IT中堅,IT中堅（業務支援）
6750,エレコム,プライム,IT中堅,IT中堅（業務支援）
9692,シーイーシー,プライム,IT中堅,IT中堅（業務支援）
7552,ハピネット,プライム,IT中堅,玩具
7867,タカラトミー,プライム,IT中堅,玩具
6701,日本電気,プライム,PC・ITサービス,パソコン
6702,富士通,プライム,PC・ITサービス,パソコン
2371,カカクコム,プライム,PC・ITサービス,情報・ITサービス
4689,ＬＩＮＥヤフー,プライム,PC・ITサービス,情報・ITサービス
3774,インターネットイニシアティブ,プライム,PC・ITサービス,情報・ITサービス
9468,ＫＡＤＯＫＡＷＡ,プライム,PC・ITサービス,情報・ITサービス
2175,エス・エム・エス,プライム,PC・ITサービス,情報・ITサービス
2413,エムスリー,プライム,PC・ITサービス,情報・ITサービス
2492,インフォマート,プライム,PC・ITサービス,情報・ITサービス
3076,あい　ホールディングス,プライム,PC・ITサービス,情報・ITサービス
4307,野村総合研究所,プライム,PC・ITサービス,情報・ITサービス
8715,アニコム　ホールディングス,プライム,PC・ITサービス,情報・ITサービス
3636,三菱総合研究所,プライム,PC・ITサービス,情報・ITサービス
9746,ＴＫＣ,プライム,PC・ITサービス,情報・ITサービス
4733,オービックビジネスコンサルタント,プライム,PC・ITサービス,情報・ITサービス
9435,光通信,プライム,PC・ITサービス,情報・ITサービス
4684,オービック,プライム,PC・ITサービス,情報・ITサービス
4768,大塚商会,プライム,PC・ITサービス,情報・ITサービス
4716,日本オラクル,スタンダード,PC・ITサービス,情報・ITサービス
7476,アズワン,プライム,PC・ITサービス,情報・ITサービス
7739,キヤノン電子,プライム,オフィス機器,オフィス機器
6287,サトー,プライム,オフィス機器,オフィス機器
6448,ブラザー工業,プライム,オフィス機器,オフィス機器
6588,東芝テック,プライム,オフィス機器,オフィス機器
6724,セイコーエプソン,プライム,オフィス機器,オフィス機器
7731,ニコン,プライム,オフィス機器,オフィス機器
7751,キヤノン,プライム,オフィス機器,オフィス機器
4902,コニカミノルタ,プライム,オフィス機器,光学機器
7740,タムロン,プライム,オフィス機器,光学機器
7752,リコー,プライム,オフィス機器,光学機器
7984,コクヨ,プライム,オフィス用品,オフィス家具
7994,オカムラ,プライム,オフィス用品,オフィス家具
7846,パイロットコーポレーション,プライム,オフィス用品,筆記具
7976,三菱鉛筆,プライム,オフィス用品,筆記具
4044,セントラル硝子,プライム,ガラス・セメント,ガラス
5201,ＡＧＣ,プライム,ガラス・セメント,ガラス
5214,日本電気硝子,プライム,ガラス・セメント,ガラス
5232,住友大阪セメント,プライム,ガラス・セメント,セメント
5233,太平洋セメント,プライム,ガラス・セメント,セメント
6737,ＥＩＺＯ,プライム,ガラス・セメント,セメント
8253,クレディセゾン,プライム,クレジット・ローン,クレジット1
8570,イオンフィナンシャルサービス,プライム,クレジット・ローン,クレジット1
8515,アイフル,プライム,クレジット・ローン,ローン
8572,アコム,スタンダード,クレジット・ローン,ローン
8584,ジャックス,プライム,クレジット・ローン,ローン
8585,オリエントコーポレーション,プライム,クレジット・ローン,ローン
8771,イー・ギャランティ,プライム,クレジット・ローン,ローン
2432,ディー・エヌ・エー,プライム,スマホゲーム・バイオ,スマホゲーム
3632,グリーホールディングス,プライム,スマホゲーム・バイオ,スマホゲーム
4974,タカラバイオ,プライム,スマホゲーム・バイオ,バイオ
8086,ニプロ,プライム,スマホゲーム・バイオ,バイオ
2749,ＪＰホールディングス,プライム,スマホゲーム・バイオ,バイオ
4549,栄研化学,プライム,スマホゲーム・バイオ,バイオ
4565,ネクセラファーマ,プライム,スマホゲーム・バイオ,バイオ
2931,ユーグレナ,プライム,スマホゲーム・バイオ,バイオ
3668,コロプラ,プライム,スマホゲーム・バイオ,バイオ
1414,ショーボンドホールディングス,プライム,ゼネコン,ゼネコン（土木）
1884,日本道路,プライム,ゼネコン,ゼネコン（土木）
7821,前田工繊,プライム,ゼネコン,ゼネコン（土木）
1801,大成建設,プライム,ゼネコン,ゼネコン（土木）
1812,鹿島建設,プライム,ゼネコン,ゼネコン（土木）
1890,東洋建設,プライム,ゼネコン,ゼネコン（土木）
1893,五洋建設,プライム,ゼネコン,ゼネコン（土木）
1926,ライト工業,プライム,ゼネコン,ゼネコン（土木）
5911,横河ブリッジホールディングス,プライム,ゼネコン,ゼネコン（土木）
5076,インフロニア・ホールディングス,プライム,ゼネコン,ゼネコン大手
1802,大林組,プライム,ゼネコン,ゼネコン大手
1835,東鉄工業,プライム,ゼネコン,ゼネコン大手
1803,清水建設,プライム,ゼネコン,ゼネコン大手
1833,奥村組,プライム,ゼネコン,ゼネコン大手
1860,戸田建設,プライム,ゼネコン,ゼネコン大手
1852,淺沼組,プライム,ゼネコン,ゼネコン中堅
1898,世紀東急工業,プライム,ゼネコン,ゼネコン中堅
3431,宮地エンジニアリンググループ,プライム,ゼネコン,ゼネコン中堅
5805,ＳＷＣＣ,プライム,ゼネコン,ゼネコン中堅
1820,西松建設,プライム,ゼネコン,ゼネコン中堅
1861,熊谷組,プライム,ゼネコン,ゼネコン中堅
1885,東亜建設工業,プライム,ゼネコン,ゼネコン中堅
1719,安藤・間,プライム,ゼネコン,ゼネコン中堅
1808,長谷工コーポレーション,プライム,ゼネコン,ゼネコン中堅
1720,東急建設,プライム,ゼネコン,ゼネコン中堅
1821,三井住友建設,プライム,ゼネコン,ゼネコン中堅
1417,ミライト・ワン,プライム,ゼネコン,通信インフラ
1721,コムシスホールディングス,プライム,ゼネコン,通信インフラ
1951,エクシオグループ,プライム,ゼネコン,通信インフラ
5726,大阪チタニウムテクノロジーズ,プライム,チタン・産機,チタン
5727,東邦チタニウム,プライム,チタン・産機,チタン
5202,日本板硝子,プライム,チタン・産機,素材・産機
5406,神戸製鋼所,プライム,チタン・産機,素材・産機
6703,沖電気工業,プライム,チタン・産機,素材・産機
6507,シンフォニアテクノロジー,プライム,チタン・産機,素材・産機
4023,クレハ,プライム,チタン・産機,素材・産機
5563,新日本電工,プライム,チタン・産機,素材・産機
3036,アルコニックス,プライム,チタン・産機,素材・産機
4028,石原産業,プライム,チタン・産機,素材・産機
5208,有沢製作所,プライム,チタン・産機,素材・産機
5480,日本冶金工業,プライム,チタン・産機,素材・産機
8801,三井不動産,プライム,ディベロッパー,総合ディベロッパー
8802,三菱地所,プライム,ディベロッパー,総合ディベロッパー
8830,住友不動産,プライム,ディベロッパー,総合ディベロッパー
8871,ゴールドクレスト,スタンダード,ディベロッパー,総合ディベロッパー
3003,ヒューリック,プライム,ディベロッパー,都市型不動産
8803,平和不動産,プライム,ディベロッパー,都市型不動産
8804,東京建物,プライム,ディベロッパー,都市型不動産
8848,レオパレス２１,プライム,ディベロッパー,都市型不動産
3231,野村不動産ホールディングス,プライム,ディベロッパー,都市型不動産
3289,東急不動産ホールディングス,プライム,ディベロッパー,都市型不動産
8905,イオンモール,プライム,ディベロッパー,都市型不動産
3050,ＤＣＭホールディングス,プライム,ドラッグ・量販店,ホームセンター
8218,コメリ,プライム,ドラッグ・量販店,ホームセンター
9842,アークランズ,プライム,ドラッグ・量販店,ホームセンター
3107,ダイワボウホールディングス,プライム,ドラッグ・量販店,ホームセンター
7516,コーナン商事,プライム,ドラッグ・量販店,ホームセンター
3148,クリエイトＳＤホールディングス,プライム,ドラッグ・量販店,小売1
3034,クオールホールディングス,プライム,ドラッグ・量販店,小売1
3088,マツキヨココカラ＆カンパニー,プライム,ドラッグ・量販店,小売1
9989,サンドラッグ,プライム,ドラッグ・量販店,小売1
9627,アインホールディングス,プライム,ドラッグ・量販店,小売1
2664,カワチ薬品,プライム,ドラッグ・量販店,小売1
3141,ウエルシアホールディングス,プライム,ドラッグ・量販店,小売1
3391,ツルハホールディングス,プライム,ドラッグ・量販店,小売1
3349,コスモス薬品,プライム,ドラッグ・量販店,小売1
7512,イオン北海道,スタンダード,ドラッグ・量販店,小売1
7649,スギホールディングス,プライム,ドラッグ・量販店,小売1
6755,富士通ゼネラル,プライム,ドラッグ・量販店,小売1
7532,パン・パシフィック・インターナショナルホールディングス,プライム,ドラッグ・量販店,小売1
9843,ニトリホールディングス,プライム,ドラッグ・量販店,小売1
4732,ユー・エス・エス,プライム,ドラッグ・量販店,小売1
2670,エービーシー・マート,プライム,ドラッグ・量販店,小売1
7545,西松屋チェーン,プライム,ドラッグ・量販店,小売1
8227,しまむら,プライム,ドラッグ・量販店,小売1
6412,平和,プライム,パチンコ・陸運,パチンコ
6417,ＳＡＮＫＹＯ,プライム,パチンコ・陸運,パチンコ
6460,セガサミーホールディングス,プライム,パチンコ・陸運,パチンコ
9064,ヤマトホールディングス,プライム,パチンコ・陸運,運輸
9147,ＮＩＰＰＯＮ　ＥＸＰＲＥＳＳホールディングス,プライム,パチンコ・陸運,運輸
4095,日本パーカライジング,プライム,パチンコ・陸運,運輸
9065,山九,プライム,パチンコ・陸運,運輸
9069,センコーグループホールディングス,プライム,パチンコ・陸運,運輸
9072,ニッコンホールディングス,プライム,パチンコ・陸運,運輸
9075,福山通運,プライム,パチンコ・陸運,運輸
9076,セイノーホールディングス,プライム,パチンコ・陸運,運輸
9045,京阪ホールディングス,プライム,パチンコ・陸運,私鉄2
9048,名古屋鉄道,プライム,パチンコ・陸運,私鉄2
4676,フジ・メディア・ホールディングス,プライム,メディア・医薬品卸,メディア
7860,エイベックス,プライム,メディア・医薬品卸,メディア
9401,ＴＢＳホールディングス,プライム,メディア・医薬品卸,メディア
9404,日本テレビホールディングス,プライム,メディア・医薬品卸,メディア
9409,テレビ朝日ホールディングス,プライム,メディア・医薬品卸,メディア
9412,スカパーＪＳＡＴホールディングス,プライム,メディア・医薬品卸,メディア
9413,テレビ東京ホールディングス,プライム,メディア・医薬品卸,メディア
4681,リゾートトラスト,プライム,レジャー・紳士服,レジャー・観光
8022,美津濃,プライム,レジャー・紳士服,レジャー・観光
4680,ラウンドワン,プライム,レジャー・紳士服,レジャー・観光
9603,エイチ・アイ・エス,プライム,レジャー・紳士服,レジャー・観光
9722,藤田観光,プライム,レジャー・紳士服,レジャー・観光
7599,ＩＤＯＭ,プライム,レジャー・紳士服,レジャー・観光
9616,共立メンテナンス,プライム,レジャー・紳士服,レジャー・観光
8136,サンリオ,プライム,レジャー・紳士服,紳士服
8214,ＡＯＫＩホールディングス,プライム,レジャー・紳士服,紳士服
8219,青山商事,プライム,レジャー・紳士服,紳士服
3002,グンゼ,プライム,衣料製造・住設,衣料製造
3608,ＴＳＩホールディングス,プライム,衣料製造・住設,衣料製造
8016,オンワードホールディングス,プライム,衣料製造・住設,衣料製造
3591,ワコールホールディングス,プライム,衣料製造・住設,衣料製造
6436,アマノ,プライム,衣料製造・住設,衣料製造
6457,グローリー,プライム,衣料製造・住設,衣料製造
8008,ヨンドシーホールディングス,プライム,衣料製造・住設,衣料製造
4046,大阪ソーダ,プライム,衣料製造・住設,化学（特殊）
4212,積水樹脂,プライム,衣料製造・住設,化学（特殊）
4958,長谷川香料,プライム,衣料製造・住設,化学（特殊）
3201,日本毛織,プライム,衣料製造・住設,住宅・空間
5930,文化シヤッター,プライム,衣料製造・住設,住宅設備2
5943,ノーリツ,プライム,衣料製造・住設,住宅設備2
7981,タカラスタンダード,プライム,衣料製造・住設,住宅設備2
8130,サンゲツ,プライム,衣料製造・住設,住宅設備2
4553,東和薬品,プライム,医薬（中堅）,ジェネリック医薬
4887,サワイグループホールディングス,プライム,医薬（中堅）,ジェネリック医薬
4521,科研製薬,プライム,医薬（中堅）,ジェネリック医薬
4530,久光製薬,プライム,医薬（中堅）,医薬（特殊）
4540,ツムラ,プライム,医薬（中堅）,医薬（特殊）
4544,Ｈ．Ｕ．グループホールディングス,プライム,医薬（中堅）,医薬（特殊）
4694,ビー・エム・エル,プライム,医薬（中堅）,医薬（特殊）
4516,日本新薬,プライム,医薬（中堅）,医薬品1
4528,小野薬品工業,プライム,医薬（中堅）,医薬品1
4536,参天製薬,プライム,医薬（中堅）,医薬品1
4547,キッセイ薬品工業,プライム,医薬（中堅）,医薬品2
4569,杏林製薬,プライム,医薬（中堅）,医薬品2
4151,協和キリン,プライム,医薬品（大手）,医薬品大手2
4507,塩野義製薬,プライム,医薬品（大手）,医薬品大手2
4519,中外製薬,プライム,医薬品（大手）,医薬品大手2
4523,エーザイ,プライム,医薬品（大手）,医薬品大手2
2331,綜合警備保障,プライム,医薬品（大手）,医療機器・セキュリティ
6869,シスメックス,プライム,医薬品（大手）,医療機器・セキュリティ
9735,セコム,プライム,医薬品（大手）,医療機器・セキュリティ
4543,テルモ,プライム,医薬品（大手）,医療機器・セキュリティ
7747,朝日インテック,プライム,医薬品（大手）,医療機器・セキュリティ
4502,武田薬品工業,プライム,医薬品（大手）,医薬品大手
4503,アステラス製薬,プライム,医薬品（大手）,医薬品大手
4506,住友ファーマ,プライム,医薬品（大手）,医薬品大手
4568,第一三共,プライム,医薬品（大手）,医薬品大手
4578,大塚ホールディングス,プライム,医薬品（大手）,医薬品大手
4004,レゾナック・ホールディングス,プライム,化学,カーボン
5301,東海カーボン,プライム,化学,カーボン
5302,日本カーボン,プライム,化学,カーボン
5310,東洋炭素,プライム,化学,カーボン
4061,デンカ,プライム,化学,化学（機能）
4118,カネカ,プライム,化学,化学（機能）
4008,住友精化,プライム,化学,機能性化学品
4114,日本触媒,プライム,化学,機能性化学品
4471,三洋化成工業,プライム,化学,機能性化学品
4088,エア・ウォーター,プライム,化学,酸素
4091,日本酸素ホールディングス,プライム,化学,酸素
4205,日本ゼオン,プライム,化学,総合化学
4403,日油,プライム,化学,総合化学
3401,帝人,プライム,化学,総合化学
4042,東ソー,プライム,化学,総合化学
3407,旭化成,プライム,化学,総合化学
4182,三菱瓦斯化学,プライム,化学,総合化学
4202,ダイセル,プライム,化学,総合化学
4183,三井化学,プライム,化学,総合化学
4188,三菱ケミカルグループ,プライム,化学,総合化学
4631,ＤＩＣ,プライム,化学,総合化学
3402,東レ,プライム,化学,総合化学
4005,住友化学,プライム,化学,総合化学
3405,クラレ,プライム,化学,総合化学
4208,ＵＢＥ,プライム,化学,総合化学
9101,日本郵船,プライム,海運,海運（大手）
9104,商船三井,プライム,海運,海運（大手）
9107,川崎汽船,プライム,海運,海運（大手）
9110,ＮＳユナイテッド海運,プライム,海運,海運（中堅）
9119,飯野海運,プライム,海運,海運（中堅）
6419,マースグループホールディングス,プライム,外食1,パチンコ周辺機器
6430,ダイコク電機,プライム,外食1,パチンコ周辺機器
7611,ハイデイ日高,プライム,外食1,外食1
1419,タマホーム,プライム,外食1,外食1
7630,壱番屋,プライム,外食1,外食1
9470,学研ホールディングス,プライム,外食1,外食1
3091,ブロンコビリー,プライム,外食1,外食1
8200,リンガーハット,プライム,外食1,外食1
2681,ゲオホールディングス,プライム,外食1,外食1
7581,サイゼリヤ,プライム,外食1,外食1
9861,吉野家ホールディングス,プライム,外食1,外食1
3097,物語コーポレーション,プライム,外食1,外食1
7550,ゼンショーホールディングス,プライム,外食1,外食1
8111,ゴールドウイン,プライム,外食1,外食1
8179,ロイヤルホールディングス,プライム,外食1,外食1
3387,クリエイト・レストランツ・ホールディングス,プライム,外食1,外食1
3397,トリドールホールディングス,プライム,外食1,外食1
7616,コロワイド,プライム,外食1,外食1
2685,アダストリア,プライム,外食2・アパレル,アパレル
2726,パルグループホールディングス,プライム,外食2・アパレル,アパレル
7606,ユナイテッドアローズ,プライム,外食2・アパレル,アパレル
9832,オートバックスセブン,プライム,外食2・アパレル,カー用品店
9882,イエローハット,プライム,外食2・アパレル,カー用品店
1766,東建コーポレーション,プライム,外食2・アパレル,外食2
2695,くら寿司,プライム,外食2・アパレル,外食2
4825,ウェザーニューズ,プライム,外食2・アパレル,外食2
8153,モスフードサービス,プライム,外食2・アパレル,外食2
3028,アルペン,プライム,外食2・アパレル,外食2
3087,ドトール・日レスホールディングス,プライム,外食2・アパレル,外食2
7421,カッパ・クリエイト,プライム,外食2・アパレル,外食2
8160,木曽路,プライム,外食2・アパレル,外食2
8281,ゼビオホールディングス,プライム,外食2・アパレル,外食2
9828,Ｇｅｎｋｉ　Ｇｌｏｂａｌ　Ｄｉｎｉｎｇ　Ｃｏｎｃｅｐｔｓ,スタンダード,外食2・アパレル,外食2
5857,ＡＲＥホールディングス,プライム,金属・資源,貴金属回収
7456,松田産業,プライム,金属・資源,貴金属回収
8015,豊田通商,プライム,金属・資源,商社2
8078,阪和興業,プライム,金属・資源,商社2
8001,伊藤忠商事,プライム,金属・資源,商社2
8088,岩谷産業,プライム,金属・資源,商社2
8002,丸紅,プライム,金属・資源,商社2
8053,住友商事,プライム,金属・資源,商社2
3101,東洋紡,プライム,金属・資源,商社2
2768,双日,プライム,金属・資源,商社2
8020,兼松,プライム,金属・資源,商社2
8031,三井物産,プライム,金属・資源,商社2
8058,三菱商事,プライム,金属・資源,商社2
4043,トクヤマ,プライム,金属・資源,素材・金属資源
5706,三井金属鉱業,プライム,金属・資源,素材・金属資源
5713,住友金属鉱山,プライム,金属・資源,素材・金属資源
1515,日鉄鉱業,プライム,金属・資源,素材・金属資源
5714,ＤＯＷＡホールディングス,プライム,金属・資源,素材・金属資源
5408,中山製鋼所,プライム,金属・資源,素材・金属資源
5410,合同製鐵,プライム,金属・資源,素材・金属資源
5445,東京鐵鋼,プライム,金属・資源,素材・金属資源
5711,三菱マテリアル,プライム,金属・資源,素材・金属資源
7990,グローブライド,プライム,金属・資源,素材・金属資源
5411,ＪＦＥホールディングス,プライム,金属・資源,鉄鋼・アルミ
5440,共英製鋼,プライム,金属・資源,鉄鋼・アルミ
5444,大和工業,プライム,金属・資源,鉄鋼・アルミ
5471,大同特殊鋼,プライム,金属・資源,鉄鋼・アルミ
5401,日本製鉄,プライム,金属・資源,鉄鋼・アルミ
5423,東京製鐵,プライム,金属・資源,鉄鋼・アルミ
5741,ＵＡＣＪ,プライム,金属・資源,鉄鋼・アルミ
5482,愛知製鋼,プライム,金属・資源,鉄鋼・アルミ
5703,日本軽金属ホールディングス,プライム,金属・資源,鉄鋼・アルミ
7004,カナデビア,プライム,金属・資源,鉄鋼・アルミ
7915,ＮＩＳＳＨＡ,プライム,工作機械・デバイス,デバイス部品
4062,イビデン,プライム,工作機械・デバイス,デバイス部品
5344,ＭＡＲＵＷＡ,プライム,工作機械・デバイス,デバイス部品
6758,ソニーグループ,プライム,工作機械・デバイス,デバイス部品
6806,ヒロセ電機,プライム,工作機械・デバイス,デバイス部品
6981,村田製作所,プライム,工作機械・デバイス,デバイス部品
6951,日本電子,プライム,工作機械・デバイス,デバイス部品
6976,太陽誘電,プライム,工作機械・デバイス,デバイス部品
6141,ＤＭＧ森精機,プライム,工作機械・デバイス,工作機械・産業装置
5631,日本製鋼所,プライム,工作機械・デバイス,工作機械・産業装置
6103,オークマ,プライム,工作機械・デバイス,工作機械・産業装置
6104,芝浦機械,プライム,工作機械・デバイス,工作機械・産業装置
6302,住友重機械工業,プライム,工作機械・デバイス,工作機械・産業装置
6113,アマダ,プライム,工作機械・デバイス,工作機械・産業装置
6954,ファナック,プライム,工作機械・デバイス,工作機械・産業装置
9984,ソフトバンクグループ,プライム,工作機械・デバイス,工作機械・産業装置
6101,ツガミ,プライム,工作機械・デバイス,工作機械・産業装置
6277,ホソカワミクロン,プライム,工作機械・デバイス,工作機械・産業装置
6284,日精エー・エス・ビー機械,プライム,工作機械・デバイス,工作機械・産業装置
6118,アイダエンジニアリング,プライム,工作機械・デバイス,工作機械・産業装置
6135,牧野フライス製作所,プライム,工作機械・デバイス,工作機械・産業装置
6140,旭ダイヤモンド工業,プライム,工作機械・デバイス,工作機械・産業装置
6143,ソディック,プライム,工作機械・デバイス,工作機械・産業装置
6376,日機装,プライム,工作機械・デバイス,工作機械・産業装置
7105,三菱ロジスネクスト,スタンダード,工作機械・デバイス,工作機械・産業装置
6770,アルプスアルパイン,プライム,工作機械・デバイス,精密デバイス
6807,日本航空電子工業,プライム,工作機械・デバイス,精密デバイス
6762,ＴＤＫ,プライム,工作機械・デバイス,精密デバイス
6479,ミネベアミツミ,プライム,工作機械・デバイス,精密デバイス
6407,ＣＫＤ,プライム,工場インフラ,工場インフラ機器
6622,ダイヘン,プライム,工場インフラ,工場インフラ機器
6859,エスペック,プライム,工場インフラ,工場インフラ機器
3433,トーカロ,プライム,工場インフラ,工場インフラ機器
6516,山洋電気,プライム,工場インフラ,工場インフラ機器
4971,メック,プライム,工場インフラ,工場インフラ機器
6652,ＩＤＥＣ,プライム,工場インフラ,工場インフラ機器
6914,オプテックスグループ,プライム,工場インフラ,工場インフラ機器
6966,三井ハイテック,プライム,工場インフラ,工場インフラ機器
6278,ユニオンツール,プライム,工場インフラ,産機2
6363,酉島製作所,プライム,工場インフラ,産機2
7970,信越ポリマー,プライム,工場インフラ,電子機器製造支援
8154,加賀電子,プライム,工場インフラ,電子機器製造支援
6861,キーエンス,プライム,産業制御機器,産業制御機器
7741,ＨＯＹＡ,プライム,産業制御機器,産業制御機器
6268,ナブテスコ,プライム,産業制御機器,産業制御機器
9962,ミスミグループ本社,プライム,産業制御機器,産業制御機器
6273,ＳＭＣ,プライム,産業制御機器,産業制御機器
6481,ＴＨＫ,プライム,産業制御機器,産業制御機器
4612,日本ペイントホールディングス,プライム,産業制御機器,塗料
4613,関西ペイント,プライム,産業制御機器,塗料
5101,横浜ゴム,プライム,自動車,タイヤ
5105,ＴＯＹＯ　ＴＩＲＥ,プライム,自動車,タイヤ
5108,ブリヂストン,プライム,自動車,タイヤ
5110,住友ゴム工業,プライム,自動車,タイヤ
7203,トヨタ自動車,プライム,自動車,完成車（大手）
7267,本田技研工業,プライム,自動車,完成車（大手）
7201,日産自動車,プライム,自動車,完成車（中堅）
7211,三菱自動車工業,プライム,自動車,完成車（中堅）
7261,マツダ,プライム,自動車,完成車（中堅）
7270,ＳＵＢＡＲＵ,プライム,自動車,完成車（中堅）
7202,いすゞ自動車,プライム,自動車,完成車（特殊）
7272,ヤマハ発動機,プライム,自動車,完成車（特殊）
7205,日野自動車,プライム,自動車,完成車（特殊）
7269,スズキ,プライム,自動車,完成車（特殊）
5949,ユニプレス,プライム,自動車,自動車モジュール・内装系
5975,東プレ,プライム,自動車,自動車モジュール・内装系
5991,日本発條,プライム,自動車,自動車モジュール・内装系
3116,トヨタ紡織,プライム,自動車,自動車モジュール・内装系
7259,アイシン,プライム,自動車,自動車モジュール・内装系
7282,豊田合成,プライム,自動車,自動車モジュール・内装系
6995,東海理化電機製作所,プライム,自動車,自動車モジュール・内装系
5191,住友理工,プライム,自動車,自動車モジュール・内装系
7283,愛三工業,プライム,自動車,自動車モジュール・内装系
7220,武蔵精密工業,プライム,自動車,自動車モジュール・内装系
7246,プレス工業,プライム,自動車,自動車モジュール・内装系
7278,エクセディ,プライム,自動車,自動車モジュール・内装系
7296,エフ・シー・シー,プライム,自動車,自動車モジュール・内装系
7313,テイ・エス　テック,プライム,自動車,自動車モジュール・内装系
5334,日本特殊陶業,プライム,自動車,自動車部品（電装）
5802,住友電気工業,プライム,自動車,自動車部品（電装）
6201,豊田自動織機,プライム,自動車,自動車部品（電装）
6592,マブチモーター,プライム,自動車,自動車部品（電装）
6902,デンソー,プライム,自動車,自動車部品（電装）
6923,スタンレー電気,プライム,自動車,自動車部品（電装）
7276,小糸製作所,プライム,自動車,自動車部品（電装）
7988,ニフコ,プライム,自動車,自動車部品（電装）
6961,エンプラス,プライム,自動車,自動車部品1
7241,フタバ産業,プライム,自動車,自動車部品1
7280,ミツバ,プライム,自動車,自動車部品1
3569,セーレン,プライム,自動車,自動車部品1
7250,太平洋工業,プライム,自動車,自動車部品1
5988,パイオラックス,プライム,自動車,自動車部品1
6463,ＴＰＲ,プライム,自動車,自動車部品1
7239,タチエス,プライム,自動車,自動車部品1
6383,ダイフク,プライム,住設・FA,現場オートメーション機器
6506,安川電機,プライム,住設・FA,現場オートメーション機器
6586,マキタ,プライム,住設・FA,現場オートメーション機器
6645,オムロン,プライム,住設・FA,現場オートメーション機器
5332,ＴＯＴＯ,プライム,住設・FA,住宅設備
6367,ダイキン工業,プライム,住設・FA,住宅設備
5929,三和ホールディングス,プライム,住設・FA,住宅設備
5938,ＬＩＸＩＬ,プライム,住設・FA,住宅設備
1878,大東建託,プライム,住宅,住宅
1925,大和ハウス工業,プライム,住宅,住宅
1911,住友林業,プライム,住宅,住宅
1928,積水ハウス,プライム,住宅,住宅
3291,飯田グループホールディングス,プライム,住宅,住宅
4204,積水化学工業,プライム,住宅,住宅
5393,ニチアス,プライム,住宅,住宅
2353,日本駐車場開発,プライム,住宅,不動産運用
7148,ＦＰＧ,プライム,住宅,不動産運用
8934,サンフロンティア不動産,プライム,住宅,不動産運用
9678,カナモト,プライム,住宅,不動産運用
8897,ＭＩＲＡＲＴＨホールディングス,プライム,住宅,不動産運用
8923,トーセイ,プライム,住宅,不動産運用
6301,小松製作所,プライム,重工・精密機械,重機・建機
6305,日立建機,プライム,重工・精密機械,重機・建機
6326,クボタ,プライム,重工・精密機械,重機・建機
6395,タダノ,プライム,重工・精密機械,重機・建機
1963,日揮ホールディングス,プライム,重工・精密機械,重工
6269,三井海洋開発,プライム,重工・精密機械,重工
7003,三井Ｅ＆Ｓ,プライム,重工・精密機械,重工
7013,ＩＨＩ,プライム,重工・精密機械,重工
7011,三菱重工業,プライム,重工・精密機械,重工
7936,アシックス,プライム,重工・精密機械,重工
7012,川崎重工業,プライム,重工・精密機械,重工
7224,新明和工業,プライム,重工・精密機械,重工
6501,日立製作所,プライム,重工・精密機械,重電
6752,パナソニック　ホールディングス,プライム,重工・精密機械,重電
6503,三菱電機,プライム,重工・精密機械,重電
6504,富士電機,プライム,重工・精密機械,重電
6508,明電舎,プライム,重工・精密機械,重電
6632,ＪＶＣケンウッド,プライム,重工・精密機械,電装・駆動部品
6952,カシオ計算機,プライム,重工・精密機械,精密機械
6361,荏原製作所,プライム,重工・精密機械,精密機械
5851,リョービ,プライム,重工・精密機械,精密機械
3105,日清紡ホールディングス,プライム,重工・精密機械,精密機械
6471,日本精工,プライム,重工・精密機械,精密機械
7762,シチズン時計,プライム,重工・精密機械,精密機械
8050,セイコーグループ,プライム,重工・精密機械,精密機械
5333,日本碍子,プライム,重工・精密機械,精密機械
6674,ジーエス・ユアサ　コーポレーション,プライム,重工・精密機械,精密機械
6473,ジェイテクト,プライム,重工・精密機械,精密機械
7732,トプコン,プライム,重工・精密機械,精密機械
6486,イーグル工業,プライム,重工・精密機械,精密機械
7240,ＮＯＫ,プライム,重工・精密機械,精密機械
5801,古河電気工業,プライム,重工・精密機械,精密機械
6753,シャープ,プライム,重工・精密機械,精密機械
5803,フジクラ,プライム,重工・精密機械,精密機械
7242,カヤバ,プライム,重工・精密機械,精密機械
6371,椿本チエイン,プライム,重工・精密機械,精密機械
6472,ＮＴＮ,プライム,重工・精密機械,精密機械
6136,オーエスジー,プライム,重工・精密機械,精密機械
6222,島精機製作所,プライム,重工・精密機械,精密機械
6250,やまびこ,プライム,重工・精密機械,精密機械
6406,フジテック,プライム,重工・精密機械,精密機械
6474,不二越,プライム,重工・精密機械,精密機械
7718,スター精密,プライム,重工・精密機械,精密機械
5451,淀川製鋼所,プライム,商社（化学・工業）,化学商社
6498,キッツ,プライム,商社（化学・工業）,化学商社
8012,長瀬産業,プライム,商社（化学・工業）,化学商社
8098,稲畑産業,プライム,商社（化学・工業）,化学商社
6013,タクマ,プライム,商社（化学・工業）,設備商社
7226,極東開発工業,プライム,商社（化学・工業）,設備商社
8051,山善,プライム,商社（化学・工業）,設備商社
8074,ユアサ商事,プライム,商社（化学・工業）,設備商社
7164,全国保証,プライム,証券・リース,クレジット2
8439,東京センチュリー,プライム,証券・リース,クレジット2
8591,オリックス,プライム,証券・リース,クレジット2
8593,三菱ＨＣキャピタル,プライム,証券・リース,クレジット2
8424,芙蓉総合リース,プライム,証券・リース,リース
8425,みずほリース,プライム,証券・リース,リース
8566,リコーリース,プライム,証券・リース,リース
8595,ジャフコ　グループ,プライム,証券・リース,証券
8601,大和証券グループ本社,プライム,証券・リース,証券
8604,野村ホールディングス,プライム,証券・リース,証券
8697,日本取引所グループ,プライム,証券・リース,証券
8473,ＳＢＩホールディングス,プライム,証券・リース,証券
9672,東京都競馬,プライム,証券・リース,証券
8628,松井証券,プライム,証券・リース,証券
8698,マネックスグループ,プライム,証券・リース,証券
8511,日本証券金融,プライム,証券・リース,証券（中堅）
8609,岡三証券グループ,プライム,証券・リース,証券（中堅）
8616,東海東京フィナンシャル・ホールディングス,プライム,証券・リース,証券（中堅）
8613,丸三証券,プライム,証券・リース,証券（中堅）
8706,極東証券,プライム,証券・リース,証券（中堅）
2002,日清製粉グループ本社,プライム,食品1・電話,基幹食品
2282,日本ハム,プライム,食品1・電話,基幹食品
2871,ニチレイ,プライム,食品1・電話,基幹食品
2531,宝ホールディングス,プライム,食品1・電話,基幹食品
2801,キッコーマン,プライム,食品1・電話,基幹食品
2501,サッポロホールディングス,プライム,食品1・電話,酒・たばこ
2502,アサヒグループホールディングス,プライム,食品1・電話,酒・たばこ
2503,キリンホールディングス,プライム,食品1・電話,酒・たばこ
2914,日本たばこ産業,プライム,食品1・電話,酒・たばこ
8079,正栄食品工業,プライム,食品1・電話,食品1
2201,森永製菓,プライム,食品1・電話,食品1
2206,江崎グリコ,プライム,食品1・電話,食品1
2229,カルビー,プライム,食品1・電話,食品1
2267,ヤクルト本社,プライム,食品1・電話,食品1
2269,明治ホールディングス,プライム,食品1・電話,食品1
8060,キヤノンマーケティングジャパン,プライム,食品1・電話,食品1
1332,ニッスイ,プライム,食品1・電話,食品1
1333,マルハニチロ,プライム,食品1・電話,食品1
2212,山崎製パン,プライム,食品1・電話,食品1
2802,味の素,プライム,食品1・電話,食品1
2809,キユーピー,プライム,食品1・電話,食品1
2810,ハウス食品グループ本社,プライム,食品1・電話,食品1
2815,アリアケジャパン,プライム,食品1・電話,食品1
2001,ニップン,プライム,食品1・電話,食品1
2918,わらべや日洋ホールディングス,プライム,食品1・電話,食品1
7864,フジシールインターナショナル,プライム,食品1・電話,食品1
9787,イオンディライト,プライム,食品1・電話,食品1
9432,日本電信電話,プライム,食品1・電話,電話キャリア
9433,ＫＤＤＩ,プライム,食品1・電話,電話キャリア
6005,三浦工業,プライム,食品2・生活インフラ,環境・建材
6845,アズビル,プライム,食品2・生活インフラ,環境・建材
4665,ダスキン,プライム,食品2・生活インフラ,食品・生活インフラ
5463,丸一鋼管,プライム,食品2・生活インフラ,食品・生活インフラ
7451,三菱食品,スタンダード,食品2・生活インフラ,食品・生活インフラ
7734,理研計器,プライム,食品2・生活インフラ,食品・生活インフラ
9869,加藤産業,プライム,食品2・生活インフラ,食品・生活インフラ
2579,コカ・コーラ　ボトラーズジャパンホールディングス,プライム,食品2・生活インフラ,食品・生活インフラ
2593,伊藤園,プライム,食品2・生活インフラ,食品・生活インフラ
2220,亀田製菓,プライム,食品2・生活インフラ,食品・生活インフラ
5947,リンナイ,プライム,食品2・生活インフラ,食品・生活インフラ
1377,サカタのタネ,プライム,食品2・生活インフラ,食品・生活インフラ
2602,日清オイリオグループ,プライム,食品2・生活インフラ,食品・生活インフラ
2811,カゴメ,プライム,食品2・生活インフラ,食品・生活インフラ
3593,ホギメディカル,プライム,食品2・生活インフラ,食品・生活インフラ
2281,プリマハム,プライム,食品2・生活インフラ,食品・生活インフラ
7947,エフピコ,プライム,食品2・生活インフラ,食品・生活インフラ
2292,Ｓ　Ｆｏｏｄｓ,プライム,食品2・生活インフラ,食品・生活インフラ
2590,ダイドーグループホールディングス,プライム,食品2・生活インフラ,食品・生活インフラ
2607,不二製油,プライム,食品2・生活インフラ,食品・生活インフラ
2910,ロック・フィールド,プライム,食品2・生活インフラ,食品・生活インフラ
9830,トラスコ中山,プライム,食品2・生活インフラ,食品・生活インフラ
3167,ＴＯＫＡＩホールディングス,プライム,食品2・生活インフラ,食品・生活インフラ
7817,パラマウントベッドホールディングス,プライム,食品2・生活インフラ,食品・生活インフラ
7453,良品計画,プライム,食品スーパー,食品スーパー
2791,大黒天物産,プライム,食品スーパー,食品スーパー
8278,フジ,プライム,食品スーパー,食品スーパー
5192,三ツ星ベルト,プライム,食品スーパー,食品スーパー
8057,内田洋行,プライム,食品スーパー,食品スーパー
8097,三愛オブリ,プライム,食品スーパー,食品スーパー
8173,上新電機,プライム,食品スーパー,食品スーパー
9997,ベルーナ,プライム,食品スーパー,食品スーパー
8276,平和堂,プライム,食品スーパー,食品スーパー
8279,ヤオコー,プライム,食品スーパー,食品スーパー
8194,ライフコーポレーション,プライム,食品スーパー,食品スーパー
9974,ベルク,プライム,食品スーパー,食品スーパー
2659,サンエー,プライム,食品スーパー,食品スーパー
8273,イズミ,プライム,食品スーパー,食品スーパー
9948,アークス,プライム,食品スーパー,食品スーパー
9956,バローホールディングス,プライム,食品スーパー,食品スーパー
2168,パソナグループ,プライム,人材サービス,人材サービス
2181,パーソルホールディングス,プライム,人材サービス,人材サービス
8876,リログループ,プライム,人材サービス,人材サービス
9716,乃村工藝社,プライム,人材サービス,展示
9743,丹青社,プライム,人材サービス,展示
1514,住石ホールディングス,スタンダード,石炭・耐火物,石炭
1518,三井松島ホールディングス,プライム,石炭・耐火物,石炭
5351,品川リフラクトリーズ,プライム,石炭・耐火物,耐火物
5352,黒崎播磨,プライム,石炭・耐火物,耐火物
7721,東京計器,プライム,石炭・耐火物,耐火物
5019,出光興産,プライム,石油,石油卸
5020,ＥＮＥＯＳホールディングス,プライム,石油,石油卸
5021,コスモエネルギーホールディングス,プライム,石油,石油卸
8133,伊藤忠エネクス,プライム,石油,石油卸
1605,ＩＮＰＥＸ,プライム,石油,石油開発
1662,石油資源開発,プライム,石油,石油開発
4021,日産化学,プライム,倉庫・印刷,その他
6841,横河電機,プライム,倉庫・印刷,その他
4272,日本化薬,プライム,倉庫・印刷,その他
5901,東洋製罐グループホールディングス,プライム,倉庫・印刷,その他
7911,ＴＯＰＰＡＮホールディングス,プライム,倉庫・印刷,印刷
7912,大日本印刷,プライム,倉庫・印刷,印刷
9301,三菱倉庫,プライム,倉庫・印刷,倉庫
9364,上組,プライム,倉庫・印刷,倉庫
9983,ファーストリテイリング,プライム,倉庫・印刷,倉庫
9302,三井倉庫ホールディングス,プライム,倉庫・印刷,倉庫
9303,住友倉庫,プライム,倉庫・印刷,倉庫
4919,ミルボン,プライム,大手小売・衛生,化粧・衛生
4928,ノエビアホールディングス,プライム,大手小売・衛生,化粧・衛生
7956,ピジョン,プライム,大手小売・衛生,化粧・衛生
2733,あらた,プライム,大手小売・衛生,化粧・衛生
4527,ロート製薬,プライム,大手小売・衛生,化粧・衛生
8283,ＰＡＬＴＡＣ,プライム,大手小売・衛生,化粧・衛生
4912,ライオン,プライム,大手小売・衛生,化粧・衛生
4967,小林製薬,プライム,大手小売・衛生,化粧・衛生
7730,マニー,プライム,大手小売・衛生,化粧・衛生
4452,花王,プライム,大手小売・衛生,化粧・衛生
4917,マンダム,プライム,大手小売・衛生,化粧・衛生
8113,ユニ・チャーム,プライム,大手小売・衛生,化粧・衛生
4911,資生堂,プライム,大手小売・衛生,化粧・衛生
4922,コーセー,プライム,大手小売・衛生,化粧・衛生
4927,ポーラ・オルビスホールディングス,プライム,大手小売・衛生,化粧・衛生
2730,エディオン,プライム,大手小売・衛生,家電量販店
3048,ビックカメラ,プライム,大手小売・衛生,家電量販店
7513,コジマ,プライム,大手小売・衛生,家電量販店
8282,ケーズホールディングス,プライム,大手小売・衛生,家電量販店
9831,ヤマダホールディングス,プライム,大手小売・衛生,家電量販店
3382,セブン＆アイ・ホールディングス,プライム,大手小売・衛生,総合スーパー
8267,イオン,プライム,大手小売・衛生,総合スーパー
4996,クミアイ化学工業,プライム,地銀,地銀（小規模）
7972,イトーキ,プライム,地銀,地銀（小規模）
8386,百十四銀行,プライム,地銀,地銀（小規模）
8336,武蔵野銀行,プライム,地銀,地銀（小規模）
8337,千葉興業銀行,プライム,地銀,地銀（小規模）
8368,百五銀行,プライム,地銀,地銀（小規模）
8522,名古屋銀行,プライム,地銀,地銀（小規模）
8600,トモニホールディングス,プライム,地銀,地銀（小規模）
5830,いよぎんホールディングス,プライム,地銀,地銀（中堅）
7180,九州フィナンシャルグループ,プライム,地銀,地銀（中堅）
7337,ひろぎんホールディングス,プライム,地銀,地銀（中堅）
8381,山陰合同銀行,プライム,地銀,地銀（中堅）
8388,阿波銀行,プライム,地銀,地銀（中堅）
5832,ちゅうぎんフィナンシャルグループ,プライム,地銀,地銀（中堅）
8366,滋賀銀行,プライム,地銀,地銀（中堅）
8367,南都銀行,プライム,地銀,地銀（中堅）
8544,京葉銀行,プライム,地銀,地銀（中堅）
8346,東邦銀行,プライム,地銀,地銀（中堅）
8361,大垣共立銀行,プライム,地銀,地銀（中堅）
8334,群馬銀行,プライム,地銀,地銀（中堅）
8714,池田泉州ホールディングス,プライム,地銀,地銀（中堅）
8341,七十七銀行,プライム,地銀,地銀（中堅）
8358,スルガ銀行,プライム,地銀,地銀（中堅）
8377,ほくほくフィナンシャルグループ,プライム,地銀,地銀（中堅）
8524,北洋銀行,プライム,地銀,地銀（中堅）
8359,八十二銀行,プライム,地銀,地銀（中堅）
8418,山口フィナンシャルグループ,プライム,地銀,地銀（中堅）
5831,しずおかフィナンシャルグループ,プライム,地銀,地銀（大手）
5844,京都フィナンシャルグループ,プライム,地銀,地銀（大手）
7974,任天堂,プライム,地銀,地銀（大手）
7186,コンコルディア・フィナンシャルグループ,プライム,地銀,地銀（大手）
8331,千葉銀行,プライム,地銀,地銀（大手）
8354,ふくおかフィナンシャルグループ,プライム,地銀,地銀（大手）
8410,セブン銀行,プライム,地銀,地銀（大手）
4666,パーク２４,プライム,鉄道・映画,JR
9020,東日本旅客鉄道,プライム,鉄道・映画,JR
9021,西日本旅客鉄道,プライム,鉄道・映画,JR
9022,東海旅客鉄道,プライム,鉄道・映画,JR
9601,松竹,プライム,鉄道・映画,映画
9602,東宝,プライム,鉄道・映画,映画
9605,東映,プライム,鉄道・映画,映画
9001,東武鉄道,プライム,鉄道・映画,私鉄1
9008,京王電鉄,プライム,鉄道・映画,私鉄1
4661,オリエンタルランド,プライム,鉄道・映画,私鉄1
9009,京成電鉄,プライム,鉄道・映画,私鉄1
9706,日本空港ビルデング,プライム,鉄道・映画,私鉄1
9005,東急,プライム,鉄道・映画,私鉄1
9006,京浜急行電鉄,プライム,鉄道・映画,私鉄1
9007,小田急電鉄,プライム,鉄道・映画,私鉄1
2384,ＳＢＳホールディングス,プライム,鉄道・映画,私鉄1
9025,鴻池運輸,プライム,鉄道・映画,私鉄1
9003,相鉄ホールディングス,プライム,鉄道・映画,私鉄1
9031,西日本鉄道,プライム,鉄道・映画,私鉄1
9044,南海電気鉄道,プライム,鉄道・映画,私鉄1
6465,ホシザキ,プライム,鉄道・映画,私鉄1
9041,近鉄グループホールディングス,プライム,鉄道・映画,私鉄1
9010,富士急行,プライム,鉄道・映画,私鉄1
9042,阪急阪神ホールディングス,プライム,鉄道・映画,私鉄1
4626,太陽ホールディングス,プライム,電子材料,半導体材料2
7433,伯東,プライム,電子材料,半導体材料2
4634,ａｒｔｉｅｎｃｅ,プライム,電子材料,半導体材料2
4401,ＡＤＥＫＡ,プライム,電子材料,半導体材料2
7966,リンテック,プライム,電子材料,半導体材料2
4633,サカタインクス,プライム,電子材料,汎用化学・工業材料
4045,東亞合成,プライム,電子材料,汎用化学・工業材料
4617,中国塗料,プライム,電子材料,汎用化学・工業材料
3110,日東紡績,プライム,電子材料,汎用化学・工業材料
4041,日本曹達,プライム,電子材料,汎用化学・工業材料
4078,堺化学工業,プライム,電子材料2,インフラ素材・流体制御
4216,旭有機材,プライム,電子材料2,インフラ素材・流体制御
5331,ノリタケ,プライム,電子材料2,インフラ素材・流体制御
6866,日置電機,プライム,電子材料2,インフラ素材・流体制御
6368,オルガノ,プライム,電子材料2,インフラ素材・流体制御
6454,マックス,プライム,電子材料2,インフラ素材・流体制御
6490,ＰＩＬＬＡＲ,プライム,電子材料2,インフラ素材・流体制御
7995,バルカー,プライム,電子材料2,インフラ素材・流体制御
2760,東京エレクトロン　デバイス,プライム,電子材料2,高機能素材・精密機器
4187,大阪有機化学工業,プライム,電子材料2,高機能素材・精密機器
7715,長野計器,プライム,電子材料2,高機能素材・精密機器
7839,ＳＨＯＥＩ,プライム,電子材料2,高機能素材・精密機器
6651,日東工業,プライム,電設工事,電設工事1
9934,因幡電機産業,プライム,電設工事,電設工事1
1979,大氣社,プライム,電設工事,電設工事1
1942,関電工,プライム,電設工事,電設工事1
1959,九電工,プライム,電設工事,電設工事1
1944,きんでん,プライム,電設工事,電設工事1
1949,住友電設,プライム,電設工事,電設工事1
1941,中電工,プライム,電設工事,電設工事2
1961,三機工業,プライム,電設工事,電設工事2
1969,高砂熱学工業,プライム,電設工事,電設工事2
8174,日本瓦斯,プライム,電力・ガス・製紙,ガス
9531,東京瓦斯,プライム,電力・ガス・製紙,ガス
9532,大阪瓦斯,プライム,電力・ガス・製紙,ガス
9533,東邦瓦斯,プライム,電力・ガス・製紙,ガス
9543,静岡ガス,プライム,電力・ガス・製紙,ガス
3861,王子ホールディングス,プライム,電力・ガス・製紙,製紙
3941,レンゴー,プライム,電力・ガス・製紙,製紙
3863,日本製紙,プライム,電力・ガス・製紙,製紙
3865,北越コーポレーション,プライム,電力・ガス・製紙,製紙
3880,大王製紙,プライム,電力・ガス・製紙,製紙
9501,東京電力ホールディングス,プライム,電力・ガス・製紙,電力1
9503,関西電力,プライム,電力・ガス・製紙,電力1
9506,東北電力,プライム,電力・ガス・製紙,電力1
9513,電源開発,プライム,電力・ガス・製紙,電力1
9507,四国電力,プライム,電力・ガス・製紙,電力1
9508,九州電力,プライム,電力・ガス・製紙,電力1
9509,北海道電力,プライム,電力・ガス・製紙,電力1
9502,中部電力,プライム,電力・ガス・製紙,電力2
9504,中国電力,プライム,電力・ガス・製紙,電力2
9505,北陸電力,プライム,電力・ガス・製紙,電力2
9511,沖縄電力,プライム,電力・ガス・製紙,電力2
2875,東洋水産,プライム,乳製品・即席めん,即席めん他
2897,日清食品ホールディングス,プライム,乳製品・即席めん,即席めん他
4985,アース製薬,プライム,乳製品・即席めん,即席めん他
6849,日本光電工業,プライム,乳製品・即席めん,即席めん他
7309,シマノ,プライム,乳製品・即席めん,即席めん他
2264,森永乳業,プライム,乳製品・即席めん,乳製品
2270,雪印メグミルク,プライム,乳製品・即席めん,乳製品
6996,ニチコン,プライム,半導体,電子部品（抵抗）
6999,ＫＯＡ,プライム,半導体,電子部品（抵抗）
3436,ＳＵＭＣＯ,プライム,半導体,半導体
6146,ディスコ,プライム,半導体,半導体
6723,ルネサスエレクトロニクス,プライム,半導体,半導体
4047,関東電化工業,プライム,半導体,半導体
4109,ステラ　ケミファ,プライム,半導体,半導体
6055,ジャパンマテリアル,プライム,半導体,半導体
7613,シークス,プライム,半導体,半導体
6728,アルバック,プライム,半導体,半導体
7735,ＳＣＲＥＥＮホールディングス,プライム,半導体,半導体
8035,東京エレクトロン,プライム,半導体,半導体
6754,アンリツ,プライム,半導体,半導体
6857,アドバンテスト,プライム,半導体,半導体
6875,メガチップス,プライム,半導体,半導体
6920,レーザーテック,プライム,半導体,半導体
6856,堀場製作所,プライム,半導体,半導体素材・計測
7729,東京精密,プライム,半導体,半導体素材・計測
6768,タムラ製作所,プライム,半導体,半導体素材・計測
6804,ホシデン,プライム,半導体,半導体素材・計測
6941,山一電機,プライム,半導体,半導体素材・計測
4975,ＪＣＵ,プライム,半導体,半導体素材・計測
6315,ＴＯＷＡ,プライム,半導体,半導体素材・計測
6727,ワコム,プライム,半導体,半導体素材・計測
6590,芝浦メカトロニクス,プライム,半導体,半導体素材・計測
6800,ヨコオ,プライム,半導体,半導体素材・計測
7745,Ａ＆Ｄホロンホールディングス,プライム,半導体,半導体素材・計測
4901,富士フイルムホールディングス,プライム,半導体材料1,パワー半導体
6925,ウシオ電機,プライム,半導体材料1,パワー半導体
6971,京セラ,プライム,半導体材料1,パワー半導体
6707,サンケン電気,プライム,半導体材料1,パワー半導体
6963,ローム,プライム,半導体材料1,パワー半導体
6594,ニデック,プライム,半導体材料1,パワー半導体
4063,信越化学工業,プライム,半導体材料1,半導体材料1
4186,東京応化工業,プライム,半導体材料1,半導体材料1
5384,フジミインコーポレーテッド,プライム,半導体材料1,半導体材料1
4203,住友ベークライト,プライム,半導体材料1,半導体材料1
6988,日東電工,プライム,半導体材料1,半導体材料1
2433,博報堂ＤＹホールディングス,プライム,百貨店・航空・広告,広告
4324,電通グループ,プライム,百貨店・航空・広告,広告
9201,日本航空,プライム,百貨店・航空・広告,航空
9202,ＡＮＡホールディングス,プライム,百貨店・航空・広告,航空
3086,Ｊ．フロント　リテイリング,プライム,百貨店・航空・広告,百貨店
3099,三越伊勢丹ホールディングス,プライム,百貨店・航空・広告,百貨店
8237,松屋,プライム,百貨店・航空・広告,百貨店
8242,エイチ・ツー・オー　リテイリング,プライム,百貨店・航空・広告,百貨店
8233,高島屋,プライム,百貨店・航空・広告,百貨店
8252,丸井グループ,プライム,百貨店・航空・広告,百貨店
8750,第一生命ホールディングス,プライム,都銀・保険,生保
8795,Ｔ＆Ｄホールディングス,プライム,都銀・保険,生保
8630,ＳＯＭＰＯホールディングス,プライム,都銀・保険,損保
8725,ＭＳ＆ＡＤインシュアランスグループホールディングス,プライム,都銀・保険,損保
8766,東京海上ホールディングス,プライム,都銀・保険,損保
8304,あおぞら銀行,プライム,都銀・保険,都銀
8306,三菱ＵＦＪフィナンシャル・グループ,プライム,都銀・保険,都銀
8411,みずほフィナンシャルグループ,プライム,都銀・保険,都銀
8308,りそなホールディングス,プライム,都銀・保険,都銀
8309,三井住友トラストグループ,プライム,都銀・保険,都銀
8316,三井住友フィナンシャルグループ,プライム,都銀・保険,都銀
4704,トレンドマイクロ,プライム,,IT大手他
7733,オリンパス,プライム,,IT大手他
9613,ＮＴＴデータグループ,プライム,,IT大手他
7951,ヤマハ,プライム,,IT大手他
3360,シップヘルスケアホールディングス,プライム,,医薬小規模
4534,持田製薬,プライム,,医薬小規模
4559,ゼリア新薬工業,プライム,,医薬小規模
9987,スズケン,プライム,,医薬品卸
4206,アイカ工業,プライム,,医薬品卸
2784,アルフレッサ　ホールディングス,プライム,,医薬品卸
7459,メディパルホールディングス,プライム,,医薬品卸
8129,東邦ホールディングス,プライム,,医薬品卸
